"Problem","Severity","File","Line","Column","Rule","Description","URL","Category","Engine"
"1","3","G:\Temp_data\Data Seed\DBT-Data-Seeding\force-app\main\default\classes\DataSeedingBatch.cls","1","21","ApexDoc","Missing ApexDoc comment","https://docs.pmd-code.org/pmd-doc-7.11.0/pmd_rules_apex_documentation.html#apexdoc","Documentation","pmd"
"2","3","G:\Temp_data\Data Seed\DBT-Data-Seeding\force-app\main\default\classes\DataSeedingBatch.cls","1","21","StdCyclomaticComplexity","The class 'DataSeedingBatch' has a Standard Cyclomatic Complexity of 12 (Highest = 46).","https://docs.pmd-code.org/pmd-doc-7.11.0/pmd_rules_apex_design.html#stdcyclomaticcomplexity","Design","pmd"
"3","3","G:\Temp_data\Data Seed\DBT-Data-Seeding\force-app\main\default\classes\DataSeedingBatch.cls","1","21","CognitiveComplexity","The class 'DataSeedingBatch' has a total cognitive complexity of 195 (highest 103), current threshold is 50","https://docs.pmd-code.org/pmd-doc-7.11.0/pmd_rules_apex_design.html#cognitivecomplexity","Design","pmd"
"4","3","G:\Temp_data\Data Seed\DBT-Data-Seeding\force-app\main\default\classes\DataSeedingBatch.cls","1","21","CyclomaticComplexity","The class 'DataSeedingBatch' has a total cyclomatic complexity of 138 (highest 60).","https://docs.pmd-code.org/pmd-doc-7.11.0/pmd_rules_apex_design.html#cyclomaticcomplexity","Design","pmd"
"5","3","G:\Temp_data\Data Seed\DBT-Data-Seeding\force-app\main\default\classes\DataSeedingBatch.cls","21","10","ApexDoc","Missing ApexDoc comment","https://docs.pmd-code.org/pmd-doc-7.11.0/pmd_rules_apex_documentation.html#apexdoc","Documentation","pmd"
"6","3","G:\Temp_data\Data Seed\DBT-Data-Seeding\force-app\main\default\classes\DataSeedingBatch.cls","34","26","FieldDeclarationsShouldBeAtStart","Field declaration for 'logs' should be before method declarations in its class","https://docs.pmd-code.org/pmd-doc-7.11.0/pmd_rules_apex_codestyle.html#fielddeclarationsshouldbeatstart","Code Style","pmd"
"7","3","G:\Temp_data\Data Seed\DBT-Data-Seeding\force-app\main\default\classes\DataSeedingBatch.cls","35","19","FieldDeclarationsShouldBeAtStart","Field declaration for 'successLogCount' should be before method declarations in its class","https://docs.pmd-code.org/pmd-doc-7.11.0/pmd_rules_apex_codestyle.html#fielddeclarationsshouldbeatstart","Code Style","pmd"
"8","3","G:\Temp_data\Data Seed\DBT-Data-Seeding\force-app\main\default\classes\DataSeedingBatch.cls","36","32","FieldDeclarationsShouldBeAtStart","Field declaration for 'MAX_SUCCESS_LOGS' should be before method declarations in its class","https://docs.pmd-code.org/pmd-doc-7.11.0/pmd_rules_apex_codestyle.html#fielddeclarationsshouldbeatstart","Code Style","pmd"
"9","3","G:\Temp_data\Data Seed\DBT-Data-Seeding\force-app\main\default\classes\DataSeedingBatch.cls","39","44","FieldDeclarationsShouldBeAtStart","Field declaration for 'idRemap' should be before method declarations in its class","https://docs.pmd-code.org/pmd-doc-7.11.0/pmd_rules_apex_codestyle.html#fielddeclarationsshouldbeatstart","Code Style","pmd"
"10","3","G:\Temp_data\Data Seed\DBT-Data-Seeding\force-app\main\default\classes\DataSeedingBatch.cls","41","10","ExcessiveParameterList","Avoid long parameter lists.","https://docs.pmd-code.org/pmd-doc-7.11.0/pmd_rules_apex_design.html#excessiveparameterlist","Design","pmd"
"11","3","G:\Temp_data\Data Seed\DBT-Data-Seeding\force-app\main\default\classes\DataSeedingBatch.cls","41","10","ApexDoc","Missing ApexDoc comment","https://docs.pmd-code.org/pmd-doc-7.11.0/pmd_rules_apex_documentation.html#apexdoc","Documentation","pmd"
"12","3","G:\Temp_data\Data Seed\DBT-Data-Seeding\force-app\main\default\classes\DataSeedingBatch.cls","65","10","ApexDoc","Missing ApexDoc comment","https://docs.pmd-code.org/pmd-doc-7.11.0/pmd_rules_apex_documentation.html#apexdoc","Documentation","pmd"
"13","3","G:\Temp_data\Data Seed\DBT-Data-Seeding\force-app\main\default\classes\DataSeedingBatch.cls","69","5","AvoidDebugStatements","Avoid debug statements since they impact on performance","https://docs.pmd-code.org/pmd-doc-7.11.0/pmd_rules_apex_performance.html#avoiddebugstatements","Performance","pmd"
"14","3","G:\Temp_data\Data Seed\DBT-Data-Seeding\force-app\main\default\classes\DataSeedingBatch.cls","69","5","DebugsShouldUseLoggingLevel","Calls to System.debug should specify a logging level.","https://docs.pmd-code.org/pmd-doc-7.11.0/pmd_rules_apex_bestpractices.html#debugsshoulduselogginglevel","Best Practices","pmd"
"15","3","G:\Temp_data\Data Seed\DBT-Data-Seeding\force-app\main\default\classes\DataSeedingBatch.cls","80","10","ApexDoc","Missing ApexDoc comment","https://docs.pmd-code.org/pmd-doc-7.11.0/pmd_rules_apex_documentation.html#apexdoc","Documentation","pmd"
"16","3","G:\Temp_data\Data Seed\DBT-Data-Seeding\force-app\main\default\classes\DataSeedingBatch.cls","86","9","AvoidDebugStatements","Avoid debug statements since they impact on performance","https://docs.pmd-code.org/pmd-doc-7.11.0/pmd_rules_apex_performance.html#avoiddebugstatements","Performance","pmd"
"17","3","G:\Temp_data\Data Seed\DBT-Data-Seeding\force-app\main\default\classes\DataSeedingBatch.cls","86","9","DebugsShouldUseLoggingLevel","Calls to System.debug should specify a logging level.","https://docs.pmd-code.org/pmd-doc-7.11.0/pmd_rules_apex_bestpractices.html#debugsshoulduselogginglevel","Best Practices","pmd"
"18","3","G:\Temp_data\Data Seed\DBT-Data-Seeding\force-app\main\default\classes\DataSeedingBatch.cls","93","7","AvoidDebugStatements","Avoid debug statements since they impact on performance","https://docs.pmd-code.org/pmd-doc-7.11.0/pmd_rules_apex_performance.html#avoiddebugstatements","Performance","pmd"
"19","3","G:\Temp_data\Data Seed\DBT-Data-Seeding\force-app\main\default\classes\DataSeedingBatch.cls","93","7","DebugsShouldUseLoggingLevel","Calls to System.debug should specify a logging level.","https://docs.pmd-code.org/pmd-doc-7.11.0/pmd_rules_apex_bestpractices.html#debugsshoulduselogginglevel","Best Practices","pmd"
"20","3","G:\Temp_data\Data Seed\DBT-Data-Seeding\force-app\main\default\classes\DataSeedingBatch.cls","106","11","StdCyclomaticComplexity","The method 'processCurrentTaskBatch' has a Standard Cyclomatic Complexity of 46.","https://docs.pmd-code.org/pmd-doc-7.11.0/pmd_rules_apex_design.html#stdcyclomaticcomplexity","Design","pmd"
"21","3","G:\Temp_data\Data Seed\DBT-Data-Seeding\force-app\main\default\classes\DataSeedingBatch.cls","106","11","NcssMethodCount","The method 'processCurrentTaskBatch()' has an NCSS line count of 174 (limit: 40)","https://docs.pmd-code.org/pmd-doc-7.11.0/pmd_rules_apex_design.html#ncssmethodcount","Design","pmd"
"22","3","G:\Temp_data\Data Seed\DBT-Data-Seeding\force-app\main\default\classes\DataSeedingBatch.cls","106","11","CognitiveComplexity","The method 'processCurrentTaskBatch(Map<String, Object>)' has a cognitive complexity of 103, current threshold is 15","https://docs.pmd-code.org/pmd-doc-7.11.0/pmd_rules_apex_design.html#cognitivecomplexity","Design","pmd"
"23","3","G:\Temp_data\Data Seed\DBT-Data-Seeding\force-app\main\default\classes\DataSeedingBatch.cls","106","11","CyclomaticComplexity","The method 'processCurrentTaskBatch(Map<String, Object>)' has a cyclomatic complexity of 60.","https://docs.pmd-code.org/pmd-doc-7.11.0/pmd_rules_apex_design.html#cyclomaticcomplexity","Design","pmd"
"24","3","G:\Temp_data\Data Seed\DBT-Data-Seeding\force-app\main\default\classes\DataSeedingBatch.cls","115","9","ForLoopsMustUseBraces","Avoid using for statements without curly braces","https://docs.pmd-code.org/pmd-doc-7.11.0/pmd_rules_apex_codestyle.html#forloopsmustusebraces","Code Style","pmd"
"25","3","G:\Temp_data\Data Seed\DBT-Data-Seeding\force-app\main\default\classes\DataSeedingBatch.cls","118","5","AvoidDebugStatements","Avoid debug statements since they impact on performance","https://docs.pmd-code.org/pmd-doc-7.11.0/pmd_rules_apex_performance.html#avoiddebugstatements","Performance","pmd"
"26","3","G:\Temp_data\Data Seed\DBT-Data-Seeding\force-app\main\default\classes\DataSeedingBatch.cls","118","5","DebugsShouldUseLoggingLevel","Calls to System.debug should specify a logging level.","https://docs.pmd-code.org/pmd-doc-7.11.0/pmd_rules_apex_bestpractices.html#debugsshoulduselogginglevel","Best Practices","pmd"
"27","3","G:\Temp_data\Data Seed\DBT-Data-Seeding\force-app\main\default\classes\DataSeedingBatch.cls","160","7","AvoidDebugStatements","Avoid debug statements since they impact on performance","https://docs.pmd-code.org/pmd-doc-7.11.0/pmd_rules_apex_performance.html#avoiddebugstatements","Performance","pmd"
"28","3","G:\Temp_data\Data Seed\DBT-Data-Seeding\force-app\main\default\classes\DataSeedingBatch.cls","160","7","DebugsShouldUseLoggingLevel","Calls to System.debug should specify a logging level.","https://docs.pmd-code.org/pmd-doc-7.11.0/pmd_rules_apex_bestpractices.html#debugsshoulduselogginglevel","Best Practices","pmd"
"29","3","G:\Temp_data\Data Seed\DBT-Data-Seeding\force-app\main\default\classes\DataSeedingBatch.cls","176","5","AvoidDebugStatements","Avoid debug statements since they impact on performance","https://docs.pmd-code.org/pmd-doc-7.11.0/pmd_rules_apex_performance.html#avoiddebugstatements","Performance","pmd"
"30","3","G:\Temp_data\Data Seed\DBT-Data-Seeding\force-app\main\default\classes\DataSeedingBatch.cls","176","5","DebugsShouldUseLoggingLevel","Calls to System.debug should specify a logging level.","https://docs.pmd-code.org/pmd-doc-7.11.0/pmd_rules_apex_bestpractices.html#debugsshoulduselogginglevel","Best Practices","pmd"
"31","3","G:\Temp_data\Data Seed\DBT-Data-Seeding\force-app\main\default\classes\DataSeedingBatch.cls","222","7","AvoidDebugStatements","Avoid debug statements since they impact on performance","https://docs.pmd-code.org/pmd-doc-7.11.0/pmd_rules_apex_performance.html#avoiddebugstatements","Performance","pmd"
"32","3","G:\Temp_data\Data Seed\DBT-Data-Seeding\force-app\main\default\classes\DataSeedingBatch.cls","222","7","DebugsShouldUseLoggingLevel","Calls to System.debug should specify a logging level.","https://docs.pmd-code.org/pmd-doc-7.11.0/pmd_rules_apex_bestpractices.html#debugsshoulduselogginglevel","Best Practices","pmd"
"33","3","G:\Temp_data\Data Seed\DBT-Data-Seeding\force-app\main\default\classes\DataSeedingBatch.cls","246","13","AvoidDeeplyNestedIfStmts","Deeply nested if..then statements are hard to read","https://docs.pmd-code.org/pmd-doc-7.11.0/pmd_rules_apex_design.html#avoiddeeplynestedifstmts","Design","pmd"
"34","3","G:\Temp_data\Data Seed\DBT-Data-Seeding\force-app\main\default\classes\DataSeedingBatch.cls","265","9","IfStmtsMustUseBraces","Avoid using if statements without curly braces","https://docs.pmd-code.org/pmd-doc-7.11.0/pmd_rules_apex_codestyle.html#ifstmtsmustusebraces","Code Style","pmd"
"35","3","G:\Temp_data\Data Seed\DBT-Data-Seeding\force-app\main\default\classes\DataSeedingBatch.cls","265","9","IfElseStmtsMustUseBraces","Avoid using if...else statements without curly braces","https://docs.pmd-code.org/pmd-doc-7.11.0/pmd_rules_apex_codestyle.html#ifelsestmtsmustusebraces","Code Style","pmd"
"36","3","G:\Temp_data\Data Seed\DBT-Data-Seeding\force-app\main\default\classes\DataSeedingBatch.cls","272","11","IfStmtsMustUseBraces","Avoid using if statements without curly braces","https://docs.pmd-code.org/pmd-doc-7.11.0/pmd_rules_apex_codestyle.html#ifstmtsmustusebraces","Code Style","pmd"
"37","3","G:\Temp_data\Data Seed\DBT-Data-Seeding\force-app\main\default\classes\DataSeedingBatch.cls","272","11","IfElseStmtsMustUseBraces","Avoid using if...else statements without curly braces","https://docs.pmd-code.org/pmd-doc-7.11.0/pmd_rules_apex_codestyle.html#ifelsestmtsmustusebraces","Code Style","pmd"
"38","3","G:\Temp_data\Data Seed\DBT-Data-Seeding\force-app\main\default\classes\DataSeedingBatch.cls","293","13","AvoidDeeplyNestedIfStmts","Deeply nested if..then statements are hard to read","https://docs.pmd-code.org/pmd-doc-7.11.0/pmd_rules_apex_design.html#avoiddeeplynestedifstmts","Design","pmd"
"39","3","G:\Temp_data\Data Seed\DBT-Data-Seeding\force-app\main\default\classes\DataSeedingBatch.cls","295","20","AvoidDeeplyNestedIfStmts","Deeply nested if..then statements are hard to read","https://docs.pmd-code.org/pmd-doc-7.11.0/pmd_rules_apex_design.html#avoiddeeplynestedifstmts","Design","pmd"
"40","3","G:\Temp_data\Data Seed\DBT-Data-Seeding\force-app\main\default\classes\DataSeedingBatch.cls","297","15","AvoidDebugStatements","Avoid debug statements since they impact on performance","https://docs.pmd-code.org/pmd-doc-7.11.0/pmd_rules_apex_performance.html#avoiddebugstatements","Performance","pmd"
"41","3","G:\Temp_data\Data Seed\DBT-Data-Seeding\force-app\main\default\classes\DataSeedingBatch.cls","297","15","DebugsShouldUseLoggingLevel","Calls to System.debug should specify a logging level.","https://docs.pmd-code.org/pmd-doc-7.11.0/pmd_rules_apex_bestpractices.html#debugsshoulduselogginglevel","Best Practices","pmd"
"42","3","G:\Temp_data\Data Seed\DBT-Data-Seeding\force-app\main\default\classes\DataSeedingBatch.cls","308","13","AvoidDebugStatements","Avoid debug statements since they impact on performance","https://docs.pmd-code.org/pmd-doc-7.11.0/pmd_rules_apex_performance.html#avoiddebugstatements","Performance","pmd"
"43","3","G:\Temp_data\Data Seed\DBT-Data-Seeding\force-app\main\default\classes\DataSeedingBatch.cls","308","13","DebugsShouldUseLoggingLevel","Calls to System.debug should specify a logging level.","https://docs.pmd-code.org/pmd-doc-7.11.0/pmd_rules_apex_bestpractices.html#debugsshoulduselogginglevel","Best Practices","pmd"
"44","3","G:\Temp_data\Data Seed\DBT-Data-Seeding\force-app\main\default\classes\DataSeedingBatch.cls","393","10","ApexDoc","Missing ApexDoc comment","https://docs.pmd-code.org/pmd-doc-7.11.0/pmd_rules_apex_documentation.html#apexdoc","Documentation","pmd"
"45","3","G:\Temp_data\Data Seed\DBT-Data-Seeding\force-app\main\default\classes\DataSeedingBatch.cls","394","5","AvoidDebugStatements","Avoid debug statements since they impact on performance","https://docs.pmd-code.org/pmd-doc-7.11.0/pmd_rules_apex_performance.html#avoiddebugstatements","Performance","pmd"
"46","3","G:\Temp_data\Data Seed\DBT-Data-Seeding\force-app\main\default\classes\DataSeedingBatch.cls","394","5","DebugsShouldUseLoggingLevel","Calls to System.debug should specify a logging level.","https://docs.pmd-code.org/pmd-doc-7.11.0/pmd_rules_apex_bestpractices.html#debugsshoulduselogginglevel","Best Practices","pmd"
"47","3","G:\Temp_data\Data Seed\DBT-Data-Seeding\force-app\main\default\classes\DataSeedingBatch.cls","402","7","AvoidDebugStatements","Avoid debug statements since they impact on performance","https://docs.pmd-code.org/pmd-doc-7.11.0/pmd_rules_apex_performance.html#avoiddebugstatements","Performance","pmd"
"48","3","G:\Temp_data\Data Seed\DBT-Data-Seeding\force-app\main\default\classes\DataSeedingBatch.cls","402","7","DebugsShouldUseLoggingLevel","Calls to System.debug should specify a logging level.","https://docs.pmd-code.org/pmd-doc-7.11.0/pmd_rules_apex_bestpractices.html#debugsshoulduselogginglevel","Best Practices","pmd"
"49","3","G:\Temp_data\Data Seed\DBT-Data-Seeding\force-app\main\default\classes\DataSeedingBatch.cls","415","9","AvoidDebugStatements","Avoid debug statements since they impact on performance","https://docs.pmd-code.org/pmd-doc-7.11.0/pmd_rules_apex_performance.html#avoiddebugstatements","Performance","pmd"
"50","3","G:\Temp_data\Data Seed\DBT-Data-Seeding\force-app\main\default\classes\DataSeedingBatch.cls","415","9","DebugsShouldUseLoggingLevel","Calls to System.debug should specify a logging level.","https://docs.pmd-code.org/pmd-doc-7.11.0/pmd_rules_apex_bestpractices.html#debugsshoulduselogginglevel","Best Practices","pmd"
"51","3","G:\Temp_data\Data Seed\DBT-Data-Seeding\force-app\main\default\classes\DataSeedingBatch.cls","440","5","AvoidDebugStatements","Avoid debug statements since they impact on performance","https://docs.pmd-code.org/pmd-doc-7.11.0/pmd_rules_apex_performance.html#avoiddebugstatements","Performance","pmd"
"52","3","G:\Temp_data\Data Seed\DBT-Data-Seeding\force-app\main\default\classes\DataSeedingBatch.cls","440","5","DebugsShouldUseLoggingLevel","Calls to System.debug should specify a logging level.","https://docs.pmd-code.org/pmd-doc-7.11.0/pmd_rules_apex_bestpractices.html#debugsshoulduselogginglevel","Best Practices","pmd"
"53","3","G:\Temp_data\Data Seed\DBT-Data-Seeding\force-app\main\default\classes\DataSeedingBatch.cls","441","5","AvoidDebugStatements","Avoid debug statements since they impact on performance","https://docs.pmd-code.org/pmd-doc-7.11.0/pmd_rules_apex_performance.html#avoiddebugstatements","Performance","pmd"
"54","3","G:\Temp_data\Data Seed\DBT-Data-Seeding\force-app\main\default\classes\DataSeedingBatch.cls","441","5","DebugsShouldUseLoggingLevel","Calls to System.debug should specify a logging level.","https://docs.pmd-code.org/pmd-doc-7.11.0/pmd_rules_apex_bestpractices.html#debugsshoulduselogginglevel","Best Practices","pmd"
"55","3","G:\Temp_data\Data Seed\DBT-Data-Seeding\force-app\main\default\classes\DataSeedingBatch.cls","451","7","AvoidDebugStatements","Avoid debug statements since they impact on performance","https://docs.pmd-code.org/pmd-doc-7.11.0/pmd_rules_apex_performance.html#avoiddebugstatements","Performance","pmd"
"56","3","G:\Temp_data\Data Seed\DBT-Data-Seeding\force-app\main\default\classes\DataSeedingBatch.cls","451","7","DebugsShouldUseLoggingLevel","Calls to System.debug should specify a logging level.","https://docs.pmd-code.org/pmd-doc-7.11.0/pmd_rules_apex_bestpractices.html#debugsshoulduselogginglevel","Best Practices","pmd"
"57","3","G:\Temp_data\Data Seed\DBT-Data-Seeding\force-app\main\default\classes\DataSeedingBatch.cls","453","7","AvoidDebugStatements","Avoid debug statements since they impact on performance","https://docs.pmd-code.org/pmd-doc-7.11.0/pmd_rules_apex_performance.html#avoiddebugstatements","Performance","pmd"
"58","3","G:\Temp_data\Data Seed\DBT-Data-Seeding\force-app\main\default\classes\DataSeedingBatch.cls","453","7","DebugsShouldUseLoggingLevel","Calls to System.debug should specify a logging level.","https://docs.pmd-code.org/pmd-doc-7.11.0/pmd_rules_apex_bestpractices.html#debugsshoulduselogginglevel","Best Practices","pmd"
"59","3","G:\Temp_data\Data Seed\DBT-Data-Seeding\force-app\main\default\classes\DataSeedingBatch.cls","458","11","StdCyclomaticComplexity","The method 'resolveUserProfiles' has a Standard Cyclomatic Complexity of 20.","https://docs.pmd-code.org/pmd-doc-7.11.0/pmd_rules_apex_design.html#stdcyclomaticcomplexity","Design","pmd"
"60","3","G:\Temp_data\Data Seed\DBT-Data-Seeding\force-app\main\default\classes\DataSeedingBatch.cls","458","11","NcssMethodCount","The method 'resolveUserProfiles()' has an NCSS line count of 83 (limit: 40)","https://docs.pmd-code.org/pmd-doc-7.11.0/pmd_rules_apex_design.html#ncssmethodcount","Design","pmd"
"61","3","G:\Temp_data\Data Seed\DBT-Data-Seeding\force-app\main\default\classes\DataSeedingBatch.cls","458","11","CognitiveComplexity","The method 'resolveUserProfiles(List<Map<String, Object>>)' has a cognitive complexity of 32, current threshold is 15","https://docs.pmd-code.org/pmd-doc-7.11.0/pmd_rules_apex_design.html#cognitivecomplexity","Design","pmd"
"62","3","G:\Temp_data\Data Seed\DBT-Data-Seeding\force-app\main\default\classes\DataSeedingBatch.cls","458","11","CyclomaticComplexity","The method 'resolveUserProfiles(List<Map<String, Object>>)' has a cyclomatic complexity of 27.","https://docs.pmd-code.org/pmd-doc-7.11.0/pmd_rules_apex_design.html#cyclomaticcomplexity","Design","pmd"
"63","3","G:\Temp_data\Data Seed\DBT-Data-Seeding\force-app\main\default\classes\DataSeedingBatch.cls","470","7","IfStmtsMustUseBraces","Avoid using if statements without curly braces","https://docs.pmd-code.org/pmd-doc-7.11.0/pmd_rules_apex_codestyle.html#ifstmtsmustusebraces","Code Style","pmd"
"64","3","G:\Temp_data\Data Seed\DBT-Data-Seeding\force-app\main\default\classes\DataSeedingBatch.cls","470","7","IfElseStmtsMustUseBraces","Avoid using if...else statements without curly braces","https://docs.pmd-code.org/pmd-doc-7.11.0/pmd_rules_apex_codestyle.html#ifelsestmtsmustusebraces","Code Style","pmd"
"65","3","G:\Temp_data\Data Seed\DBT-Data-Seeding\force-app\main\default\classes\DataSeedingBatch.cls","484","7","IfStmtsMustUseBraces","Avoid using if statements without curly braces","https://docs.pmd-code.org/pmd-doc-7.11.0/pmd_rules_apex_codestyle.html#ifstmtsmustusebraces","Code Style","pmd"
"66","3","G:\Temp_data\Data Seed\DBT-Data-Seeding\force-app\main\default\classes\DataSeedingBatch.cls","484","7","IfElseStmtsMustUseBraces","Avoid using if...else statements without curly braces","https://docs.pmd-code.org/pmd-doc-7.11.0/pmd_rules_apex_codestyle.html#ifelsestmtsmustusebraces","Code Style","pmd"
"67","3","G:\Temp_data\Data Seed\DBT-Data-Seeding\force-app\main\default\classes\DataSeedingBatch.cls","510","7","AvoidDebugStatements","Avoid debug statements since they impact on performance","https://docs.pmd-code.org/pmd-doc-7.11.0/pmd_rules_apex_performance.html#avoiddebugstatements","Performance","pmd"
"68","3","G:\Temp_data\Data Seed\DBT-Data-Seeding\force-app\main\default\classes\DataSeedingBatch.cls","510","7","DebugsShouldUseLoggingLevel","Calls to System.debug should specify a logging level.","https://docs.pmd-code.org/pmd-doc-7.11.0/pmd_rules_apex_bestpractices.html#debugsshoulduselogginglevel","Best Practices","pmd"
"69","3","G:\Temp_data\Data Seed\DBT-Data-Seeding\force-app\main\default\classes\DataSeedingBatch.cls","515","7","IfStmtsMustUseBraces","Avoid using if statements without curly braces","https://docs.pmd-code.org/pmd-doc-7.11.0/pmd_rules_apex_codestyle.html#ifstmtsmustusebraces","Code Style","pmd"
"70","3","G:\Temp_data\Data Seed\DBT-Data-Seeding\force-app\main\default\classes\DataSeedingBatch.cls","515","7","IfElseStmtsMustUseBraces","Avoid using if...else statements without curly braces","https://docs.pmd-code.org/pmd-doc-7.11.0/pmd_rules_apex_codestyle.html#ifelsestmtsmustusebraces","Code Style","pmd"
"71","3","G:\Temp_data\Data Seed\DBT-Data-Seeding\force-app\main\default\classes\DataSeedingBatch.cls","547","7","AvoidDebugStatements","Avoid debug statements since they impact on performance","https://docs.pmd-code.org/pmd-doc-7.11.0/pmd_rules_apex_performance.html#avoiddebugstatements","Performance","pmd"
"72","3","G:\Temp_data\Data Seed\DBT-Data-Seeding\force-app\main\default\classes\DataSeedingBatch.cls","547","7","DebugsShouldUseLoggingLevel","Calls to System.debug should specify a logging level.","https://docs.pmd-code.org/pmd-doc-7.11.0/pmd_rules_apex_bestpractices.html#debugsshoulduselogginglevel","Best Practices","pmd"
"73","3","G:\Temp_data\Data Seed\DBT-Data-Seeding\force-app\main\default\classes\DataSeedingBatch.cls","552","7","IfStmtsMustUseBraces","Avoid using if statements without curly braces","https://docs.pmd-code.org/pmd-doc-7.11.0/pmd_rules_apex_codestyle.html#ifstmtsmustusebraces","Code Style","pmd"
"74","3","G:\Temp_data\Data Seed\DBT-Data-Seeding\force-app\main\default\classes\DataSeedingBatch.cls","552","7","IfElseStmtsMustUseBraces","Avoid using if...else statements without curly braces","https://docs.pmd-code.org/pmd-doc-7.11.0/pmd_rules_apex_codestyle.html#ifelsestmtsmustusebraces","Code Style","pmd"
"75","3","G:\Temp_data\Data Seed\DBT-Data-Seeding\force-app\main\default\classes\DataSeedingBatch.cls","567","11","StdCyclomaticComplexity","The method 'resolveReferences' has a Standard Cyclomatic Complexity of 18.","https://docs.pmd-code.org/pmd-doc-7.11.0/pmd_rules_apex_design.html#stdcyclomaticcomplexity","Design","pmd"
"76","3","G:\Temp_data\Data Seed\DBT-Data-Seeding\force-app\main\default\classes\DataSeedingBatch.cls","567","11","NcssMethodCount","The method 'resolveReferences()' has an NCSS line count of 79 (limit: 40)","https://docs.pmd-code.org/pmd-doc-7.11.0/pmd_rules_apex_design.html#ncssmethodcount","Design","pmd"
"77","3","G:\Temp_data\Data Seed\DBT-Data-Seeding\force-app\main\default\classes\DataSeedingBatch.cls","567","11","CognitiveComplexity","The method 'resolveReferences(String, Set<String>)' has a cognitive complexity of 28, current threshold is 15","https://docs.pmd-code.org/pmd-doc-7.11.0/pmd_rules_apex_design.html#cognitivecomplexity","Design","pmd"
"78","3","G:\Temp_data\Data Seed\DBT-Data-Seeding\force-app\main\default\classes\DataSeedingBatch.cls","567","11","CyclomaticComplexity","The method 'resolveReferences(String, Set<String>)' has a cyclomatic complexity of 25.","https://docs.pmd-code.org/pmd-doc-7.11.0/pmd_rules_apex_design.html#cyclomaticcomplexity","Design","pmd"
"79","3","G:\Temp_data\Data Seed\DBT-Data-Seeding\force-app\main\default\classes\DataSeedingBatch.cls","569","7","IfStmtsMustUseBraces","Avoid using if statements without curly braces","https://docs.pmd-code.org/pmd-doc-7.11.0/pmd_rules_apex_codestyle.html#ifstmtsmustusebraces","Code Style","pmd"
"80","3","G:\Temp_data\Data Seed\DBT-Data-Seeding\force-app\main\default\classes\DataSeedingBatch.cls","569","7","IfElseStmtsMustUseBraces","Avoid using if...else statements without curly braces","https://docs.pmd-code.org/pmd-doc-7.11.0/pmd_rules_apex_codestyle.html#ifelsestmtsmustusebraces","Code Style","pmd"
"81","3","G:\Temp_data\Data Seed\DBT-Data-Seeding\force-app\main\default\classes\DataSeedingBatch.cls","608","7","AvoidDebugStatements","Avoid debug statements since they impact on performance","https://docs.pmd-code.org/pmd-doc-7.11.0/pmd_rules_apex_performance.html#avoiddebugstatements","Performance","pmd"
"82","3","G:\Temp_data\Data Seed\DBT-Data-Seeding\force-app\main\default\classes\DataSeedingBatch.cls","608","7","DebugsShouldUseLoggingLevel","Calls to System.debug should specify a logging level.","https://docs.pmd-code.org/pmd-doc-7.11.0/pmd_rules_apex_bestpractices.html#debugsshoulduselogginglevel","Best Practices","pmd"
"83","3","G:\Temp_data\Data Seed\DBT-Data-Seeding\force-app\main\default\classes\DataSeedingBatch.cls","618","7","IfStmtsMustUseBraces","Avoid using if statements without curly braces","https://docs.pmd-code.org/pmd-doc-7.11.0/pmd_rules_apex_codestyle.html#ifstmtsmustusebraces","Code Style","pmd"
"84","3","G:\Temp_data\Data Seed\DBT-Data-Seeding\force-app\main\default\classes\DataSeedingBatch.cls","618","7","IfElseStmtsMustUseBraces","Avoid using if...else statements without curly braces","https://docs.pmd-code.org/pmd-doc-7.11.0/pmd_rules_apex_codestyle.html#ifelsestmtsmustusebraces","Code Style","pmd"
"85","3","G:\Temp_data\Data Seed\DBT-Data-Seeding\force-app\main\default\classes\DataSeedingBatch.cls","635","7","IfStmtsMustUseBraces","Avoid using if statements without curly braces","https://docs.pmd-code.org/pmd-doc-7.11.0/pmd_rules_apex_codestyle.html#ifstmtsmustusebraces","Code Style","pmd"
"86","3","G:\Temp_data\Data Seed\DBT-Data-Seeding\force-app\main\default\classes\DataSeedingBatch.cls","635","7","IfElseStmtsMustUseBraces","Avoid using if...else statements without curly braces","https://docs.pmd-code.org/pmd-doc-7.11.0/pmd_rules_apex_codestyle.html#ifelsestmtsmustusebraces","Code Style","pmd"
"87","3","G:\Temp_data\Data Seed\DBT-Data-Seeding\force-app\main\default\classes\DataSeedingBatch.cls","637","5","AvoidDebugStatements","Avoid debug statements since they impact on performance","https://docs.pmd-code.org/pmd-doc-7.11.0/pmd_rules_apex_performance.html#avoiddebugstatements","Performance","pmd"
"88","3","G:\Temp_data\Data Seed\DBT-Data-Seeding\force-app\main\default\classes\DataSeedingBatch.cls","637","5","DebugsShouldUseLoggingLevel","Calls to System.debug should specify a logging level.","https://docs.pmd-code.org/pmd-doc-7.11.0/pmd_rules_apex_bestpractices.html#debugsshoulduselogginglevel","Best Practices","pmd"
"89","3","G:\Temp_data\Data Seed\DBT-Data-Seeding\force-app\main\default\classes\DataSeedingBatch.cls","670","7","AvoidDebugStatements","Avoid debug statements since they impact on performance","https://docs.pmd-code.org/pmd-doc-7.11.0/pmd_rules_apex_performance.html#avoiddebugstatements","Performance","pmd"
"90","3","G:\Temp_data\Data Seed\DBT-Data-Seeding\force-app\main\default\classes\DataSeedingBatch.cls","670","7","DebugsShouldUseLoggingLevel","Calls to System.debug should specify a logging level.","https://docs.pmd-code.org/pmd-doc-7.11.0/pmd_rules_apex_bestpractices.html#debugsshoulduselogginglevel","Best Practices","pmd"
"91","3","G:\Temp_data\Data Seed\DBT-Data-Seeding\force-app\main\default\classes\DataSeedingBatch.cls","680","7","IfStmtsMustUseBraces","Avoid using if statements without curly braces","https://docs.pmd-code.org/pmd-doc-7.11.0/pmd_rules_apex_codestyle.html#ifstmtsmustusebraces","Code Style","pmd"
"92","3","G:\Temp_data\Data Seed\DBT-Data-Seeding\force-app\main\default\classes\DataSeedingBatch.cls","680","7","IfElseStmtsMustUseBraces","Avoid using if...else statements without curly braces","https://docs.pmd-code.org/pmd-doc-7.11.0/pmd_rules_apex_codestyle.html#ifelsestmtsmustusebraces","Code Style","pmd"
"93","3","G:\Temp_data\Data Seed\DBT-Data-Seeding\force-app\main\default\classes\DataSeedingBatch.cls","682","5","AvoidDebugStatements","Avoid debug statements since they impact on performance","https://docs.pmd-code.org/pmd-doc-7.11.0/pmd_rules_apex_performance.html#avoiddebugstatements","Performance","pmd"
"94","3","G:\Temp_data\Data Seed\DBT-Data-Seeding\force-app\main\default\classes\DataSeedingBatch.cls","682","5","DebugsShouldUseLoggingLevel","Calls to System.debug should specify a logging level.","https://docs.pmd-code.org/pmd-doc-7.11.0/pmd_rules_apex_bestpractices.html#debugsshoulduselogginglevel","Best Practices","pmd"
"95","3","G:\Temp_data\Data Seed\DBT-Data-Seeding\force-app\main\default\classes\DataSeedingBatch.cls","718","13","AvoidDeeplyNestedIfStmts","Deeply nested if..then statements are hard to read","https://docs.pmd-code.org/pmd-doc-7.11.0/pmd_rules_apex_design.html#avoiddeeplynestedifstmts","Design","pmd"
"96","3","G:\Temp_data\Data Seed\DBT-Data-Seeding\force-app\main\default\classes\DataSeedingBatch.cls","725","7","AvoidDebugStatements","Avoid debug statements since they impact on performance","https://docs.pmd-code.org/pmd-doc-7.11.0/pmd_rules_apex_performance.html#avoiddebugstatements","Performance","pmd"
"97","3","G:\Temp_data\Data Seed\DBT-Data-Seeding\force-app\main\default\classes\DataSeedingBatch.cls","725","7","DebugsShouldUseLoggingLevel","Calls to System.debug should specify a logging level.","https://docs.pmd-code.org/pmd-doc-7.11.0/pmd_rules_apex_bestpractices.html#debugsshoulduselogginglevel","Best Practices","pmd"
"98","3","G:\Temp_data\Data Seed\DBT-Data-Seeding\force-app\main\default\classes\DataSeedingBatchTest.cls","6","12","ApexDoc","Missing ApexDoc comment","https://docs.pmd-code.org/pmd-doc-7.11.0/pmd_rules_apex_documentation.html#apexdoc","Documentation","pmd"
"99","3","G:\Temp_data\Data Seed\DBT-Data-Seeding\force-app\main\default\classes\DataSeedingBatchTest.cls","10","12","ApexDoc","Missing ApexDoc comment","https://docs.pmd-code.org/pmd-doc-7.11.0/pmd_rules_apex_documentation.html#apexdoc","Documentation","pmd"
"100","3","G:\Temp_data\Data Seed\DBT-Data-Seeding\force-app\main\default\classes\DataSeedingBatchTest.cls","74","7","AvoidDebugStatements","Avoid debug statements since they impact on performance","https://docs.pmd-code.org/pmd-doc-7.11.0/pmd_rules_apex_performance.html#avoiddebugstatements","Performance","pmd"
"101","3","G:\Temp_data\Data Seed\DBT-Data-Seeding\force-app\main\default\classes\DataSeedingBatchTest.cls","74","7","DebugsShouldUseLoggingLevel","Calls to System.debug should specify a logging level.","https://docs.pmd-code.org/pmd-doc-7.11.0/pmd_rules_apex_bestpractices.html#debugsshoulduselogginglevel","Best Practices","pmd"
"102","3","G:\Temp_data\Data Seed\DBT-Data-Seeding\force-app\main\default\classes\DataSeedingBatchTest.cls","79","10","ApexDoc","Missing ApexDoc comment","https://docs.pmd-code.org/pmd-doc-7.11.0/pmd_rules_apex_documentation.html#apexdoc","Documentation","pmd"
"103","3","G:\Temp_data\Data Seed\DBT-Data-Seeding\force-app\main\default\classes\DataSeedingBatchTest.cls","83","12","ApexDoc","Missing ApexDoc comment","https://docs.pmd-code.org/pmd-doc-7.11.0/pmd_rules_apex_documentation.html#apexdoc","Documentation","pmd"
"104","3","G:\Temp_data\Data Seed\DBT-Data-Seeding\force-app\main\default\classes\DataSeedingBatchTest.cls","88","12","ApexDoc","Missing ApexDoc comment","https://docs.pmd-code.org/pmd-doc-7.11.0/pmd_rules_apex_documentation.html#apexdoc","Documentation","pmd"
"105","3","G:\Temp_data\Data Seed\DBT-Data-Seeding\force-app\main\default\classes\DataSeedingService.cls","1","21","ApexDoc","Missing ApexDoc comment","https://docs.pmd-code.org/pmd-doc-7.11.0/pmd_rules_apex_documentation.html#apexdoc","Documentation","pmd"
"106","3","G:\Temp_data\Data Seed\DBT-Data-Seeding\force-app\main\default\classes\DataSeedingService.cls","1","21","StdCyclomaticComplexity","The class 'DataSeedingService' has a Standard Cyclomatic Complexity of 10 (Highest = 24).","https://docs.pmd-code.org/pmd-doc-7.11.0/pmd_rules_apex_design.html#stdcyclomaticcomplexity","Design","pmd"
"107","3","G:\Temp_data\Data Seed\DBT-Data-Seeding\force-app\main\default\classes\DataSeedingService.cls","1","21","CognitiveComplexity","The class 'DataSeedingService' has a total cognitive complexity of 167 (highest 57), current threshold is 50","https://docs.pmd-code.org/pmd-doc-7.11.0/pmd_rules_apex_design.html#cognitivecomplexity","Design","pmd"
"108","3","G:\Temp_data\Data Seed\DBT-Data-Seeding\force-app\main\default\classes\DataSeedingService.cls","1","21","CyclomaticComplexity","The class 'DataSeedingService' has a total cyclomatic complexity of 120 (highest 32).","https://docs.pmd-code.org/pmd-doc-7.11.0/pmd_rules_apex_design.html#cyclomaticcomplexity","Design","pmd"
"109","3","G:\Temp_data\Data Seed\DBT-Data-Seeding\force-app\main\default\classes\DataSeedingService.cls","2","10","ApexDoc","Missing ApexDoc comment","https://docs.pmd-code.org/pmd-doc-7.11.0/pmd_rules_apex_documentation.html#apexdoc","Documentation","pmd"
"110","3","G:\Temp_data\Data Seed\DBT-Data-Seeding\force-app\main\default\classes\DataSeedingService.cls","9","17","ExcessiveParameterList","Avoid long parameter lists.","https://docs.pmd-code.org/pmd-doc-7.11.0/pmd_rules_apex_design.html#excessiveparameterlist","Design","pmd"
"111","3","G:\Temp_data\Data Seed\DBT-Data-Seeding\force-app\main\default\classes\DataSeedingService.cls","9","17","ApexDoc","Missing ApexDoc comment","https://docs.pmd-code.org/pmd-doc-7.11.0/pmd_rules_apex_documentation.html#apexdoc","Documentation","pmd"
"112","3","G:\Temp_data\Data Seed\DBT-Data-Seeding\force-app\main\default\classes\DataSeedingService.cls","9","17","StdCyclomaticComplexity","The method 'findMatchingRecords' has a Standard Cyclomatic Complexity of 24.","https://docs.pmd-code.org/pmd-doc-7.11.0/pmd_rules_apex_design.html#stdcyclomaticcomplexity","Design","pmd"
"113","3","G:\Temp_data\Data Seed\DBT-Data-Seeding\force-app\main\default\classes\DataSeedingService.cls","9","17","NcssMethodCount","The method 'findMatchingRecords()' has an NCSS line count of 86 (limit: 40)","https://docs.pmd-code.org/pmd-doc-7.11.0/pmd_rules_apex_design.html#ncssmethodcount","Design","pmd"
"114","3","G:\Temp_data\Data Seed\DBT-Data-Seeding\force-app\main\default\classes\DataSeedingService.cls","9","17","CognitiveComplexity","The method 'findMatchingRecords(String, String, String, List<String>, List<Map<String, Object>>)' has a cognitive complexity of 43, current threshold is 15","https://docs.pmd-code.org/pmd-doc-7.11.0/pmd_rules_apex_design.html#cognitivecomplexity","Design","pmd"
"115","3","G:\Temp_data\Data Seed\DBT-Data-Seeding\force-app\main\default\classes\DataSeedingService.cls","9","17","CyclomaticComplexity","The method 'findMatchingRecords(String, String, String, List<String>, List<Map<String, Object>>)' has a cyclomatic complexity of 32.","https://docs.pmd-code.org/pmd-doc-7.11.0/pmd_rules_apex_design.html#cyclomaticcomplexity","Design","pmd"
"116","3","G:\Temp_data\Data Seed\DBT-Data-Seeding\force-app\main\default\classes\DataSeedingService.cls","59","11","IfStmtsMustUseBraces","Avoid using if statements without curly braces","https://docs.pmd-code.org/pmd-doc-7.11.0/pmd_rules_apex_codestyle.html#ifstmtsmustusebraces","Code Style","pmd"
"117","3","G:\Temp_data\Data Seed\DBT-Data-Seeding\force-app\main\default\classes\DataSeedingService.cls","59","11","IfElseStmtsMustUseBraces","Avoid using if...else statements without curly braces","https://docs.pmd-code.org/pmd-doc-7.11.0/pmd_rules_apex_codestyle.html#ifelsestmtsmustusebraces","Code Style","pmd"
"118","3","G:\Temp_data\Data Seed\DBT-Data-Seeding\force-app\main\default\classes\DataSeedingService.cls","68","11","IfStmtsMustUseBraces","Avoid using if statements without curly braces","https://docs.pmd-code.org/pmd-doc-7.11.0/pmd_rules_apex_codestyle.html#ifstmtsmustusebraces","Code Style","pmd"
"119","3","G:\Temp_data\Data Seed\DBT-Data-Seeding\force-app\main\default\classes\DataSeedingService.cls","68","11","IfElseStmtsMustUseBraces","Avoid using if...else statements without curly braces","https://docs.pmd-code.org/pmd-doc-7.11.0/pmd_rules_apex_codestyle.html#ifelsestmtsmustusebraces","Code Style","pmd"
"120","3","G:\Temp_data\Data Seed\DBT-Data-Seeding\force-app\main\default\classes\DataSeedingService.cls","97","41","ApexSOQLInjection","Avoid untrusted/unescaped variables in DML query","https://docs.pmd-code.org/pmd-doc-7.11.0/pmd_rules_apex_security.html#apexsoqlinjection","Security","pmd"
"121","3","G:\Temp_data\Data Seed\DBT-Data-Seeding\force-app\main\default\classes\DataSeedingService.cls","103","15","EmptyCatchBlock","Avoid empty catch blocks","https://docs.pmd-code.org/pmd-doc-7.11.0/pmd_rules_apex_errorprone.html#emptycatchblock","Error Prone","pmd"
"122","3","G:\Temp_data\Data Seed\DBT-Data-Seeding\force-app\main\default\classes\DataSeedingService.cls","131","7","AvoidDebugStatements","Avoid debug statements since they impact on performance","https://docs.pmd-code.org/pmd-doc-7.11.0/pmd_rules_apex_performance.html#avoiddebugstatements","Performance","pmd"
"123","3","G:\Temp_data\Data Seed\DBT-Data-Seeding\force-app\main\default\classes\DataSeedingService.cls","131","7","DebugsShouldUseLoggingLevel","Calls to System.debug should specify a logging level.","https://docs.pmd-code.org/pmd-doc-7.11.0/pmd_rules_apex_bestpractices.html#debugsshoulduselogginglevel","Best Practices","pmd"
"124","3","G:\Temp_data\Data Seed\DBT-Data-Seeding\force-app\main\default\classes\DataSeedingService.cls","150","17","ExcessiveParameterList","Avoid long parameter lists.","https://docs.pmd-code.org/pmd-doc-7.11.0/pmd_rules_apex_design.html#excessiveparameterlist","Design","pmd"
"125","3","G:\Temp_data\Data Seed\DBT-Data-Seeding\force-app\main\default\classes\DataSeedingService.cls","150","17","ApexDoc","Missing ApexDoc comment","https://docs.pmd-code.org/pmd-doc-7.11.0/pmd_rules_apex_documentation.html#apexdoc","Documentation","pmd"
"126","3","G:\Temp_data\Data Seed\DBT-Data-Seeding\force-app\main\default\classes\DataSeedingService.cls","170","7","AvoidDebugStatements","Avoid debug statements since they impact on performance","https://docs.pmd-code.org/pmd-doc-7.11.0/pmd_rules_apex_performance.html#avoiddebugstatements","Performance","pmd"
"127","3","G:\Temp_data\Data Seed\DBT-Data-Seeding\force-app\main\default\classes\DataSeedingService.cls","170","7","DebugsShouldUseLoggingLevel","Calls to System.debug should specify a logging level.","https://docs.pmd-code.org/pmd-doc-7.11.0/pmd_rules_apex_bestpractices.html#debugsshoulduselogginglevel","Best Practices","pmd"
"128","3","G:\Temp_data\Data Seed\DBT-Data-Seeding\force-app\main\default\classes\DataSeedingService.cls","177","17","ApexDoc","Missing ApexDoc comment","https://docs.pmd-code.org/pmd-doc-7.11.0/pmd_rules_apex_documentation.html#apexdoc","Documentation","pmd"
"129","3","G:\Temp_data\Data Seed\DBT-Data-Seeding\force-app\main\default\classes\DataSeedingService.cls","218","17","ApexDoc","Missing ApexDoc comment","https://docs.pmd-code.org/pmd-doc-7.11.0/pmd_rules_apex_documentation.html#apexdoc","Documentation","pmd"
"130","3","G:\Temp_data\Data Seed\DBT-Data-Seeding\force-app\main\default\classes\DataSeedingService.cls","219","5","AvoidDebugStatements","Avoid debug statements since they impact on performance","https://docs.pmd-code.org/pmd-doc-7.11.0/pmd_rules_apex_performance.html#avoiddebugstatements","Performance","pmd"
"131","3","G:\Temp_data\Data Seed\DBT-Data-Seeding\force-app\main\default\classes\DataSeedingService.cls","219","5","DebugsShouldUseLoggingLevel","Calls to System.debug should specify a logging level.","https://docs.pmd-code.org/pmd-doc-7.11.0/pmd_rules_apex_bestpractices.html#debugsshoulduselogginglevel","Best Practices","pmd"
"132","3","G:\Temp_data\Data Seed\DBT-Data-Seeding\force-app\main\default\classes\DataSeedingService.cls","221","7","IfStmtsMustUseBraces","Avoid using if statements without curly braces","https://docs.pmd-code.org/pmd-doc-7.11.0/pmd_rules_apex_codestyle.html#ifstmtsmustusebraces","Code Style","pmd"
"133","3","G:\Temp_data\Data Seed\DBT-Data-Seeding\force-app\main\default\classes\DataSeedingService.cls","221","7","IfElseStmtsMustUseBraces","Avoid using if...else statements without curly braces","https://docs.pmd-code.org/pmd-doc-7.11.0/pmd_rules_apex_codestyle.html#ifelsestmtsmustusebraces","Code Style","pmd"
"134","3","G:\Temp_data\Data Seed\DBT-Data-Seeding\force-app\main\default\classes\DataSeedingService.cls","228","7","AvoidDebugStatements","Avoid debug statements since they impact on performance","https://docs.pmd-code.org/pmd-doc-7.11.0/pmd_rules_apex_performance.html#avoiddebugstatements","Performance","pmd"
"135","3","G:\Temp_data\Data Seed\DBT-Data-Seeding\force-app\main\default\classes\DataSeedingService.cls","228","7","DebugsShouldUseLoggingLevel","Calls to System.debug should specify a logging level.","https://docs.pmd-code.org/pmd-doc-7.11.0/pmd_rules_apex_bestpractices.html#debugsshoulduselogginglevel","Best Practices","pmd"
"136","3","G:\Temp_data\Data Seed\DBT-Data-Seeding\force-app\main\default\classes\DataSeedingService.cls","240","9","AvoidDebugStatements","Avoid debug statements since they impact on performance","https://docs.pmd-code.org/pmd-doc-7.11.0/pmd_rules_apex_performance.html#avoiddebugstatements","Performance","pmd"
"137","3","G:\Temp_data\Data Seed\DBT-Data-Seeding\force-app\main\default\classes\DataSeedingService.cls","240","9","DebugsShouldUseLoggingLevel","Calls to System.debug should specify a logging level.","https://docs.pmd-code.org/pmd-doc-7.11.0/pmd_rules_apex_bestpractices.html#debugsshoulduselogginglevel","Best Practices","pmd"
"138","3","G:\Temp_data\Data Seed\DBT-Data-Seeding\force-app\main\default\classes\DataSeedingService.cls","243","9","AvoidDebugStatements","Avoid debug statements since they impact on performance","https://docs.pmd-code.org/pmd-doc-7.11.0/pmd_rules_apex_performance.html#avoiddebugstatements","Performance","pmd"
"139","3","G:\Temp_data\Data Seed\DBT-Data-Seeding\force-app\main\default\classes\DataSeedingService.cls","243","9","DebugsShouldUseLoggingLevel","Calls to System.debug should specify a logging level.","https://docs.pmd-code.org/pmd-doc-7.11.0/pmd_rules_apex_bestpractices.html#debugsshoulduselogginglevel","Best Practices","pmd"
"140","3","G:\Temp_data\Data Seed\DBT-Data-Seeding\force-app\main\default\classes\DataSeedingService.cls","248","7","AvoidDebugStatements","Avoid debug statements since they impact on performance","https://docs.pmd-code.org/pmd-doc-7.11.0/pmd_rules_apex_performance.html#avoiddebugstatements","Performance","pmd"
"141","3","G:\Temp_data\Data Seed\DBT-Data-Seeding\force-app\main\default\classes\DataSeedingService.cls","248","7","DebugsShouldUseLoggingLevel","Calls to System.debug should specify a logging level.","https://docs.pmd-code.org/pmd-doc-7.11.0/pmd_rules_apex_bestpractices.html#debugsshoulduselogginglevel","Best Practices","pmd"
"142","3","G:\Temp_data\Data Seed\DBT-Data-Seeding\force-app\main\default\classes\DataSeedingService.cls","255","17","ExcessiveParameterList","Avoid long parameter lists.","https://docs.pmd-code.org/pmd-doc-7.11.0/pmd_rules_apex_design.html#excessiveparameterlist","Design","pmd"
"143","3","G:\Temp_data\Data Seed\DBT-Data-Seeding\force-app\main\default\classes\DataSeedingService.cls","255","17","ApexDoc","Missing ApexDoc comment","https://docs.pmd-code.org/pmd-doc-7.11.0/pmd_rules_apex_documentation.html#apexdoc","Documentation","pmd"
"144","3","G:\Temp_data\Data Seed\DBT-Data-Seeding\force-app\main\default\classes\DataSeedingService.cls","255","17","StdCyclomaticComplexity","The method 'preprocessRecords' has a Standard Cyclomatic Complexity of 22.","https://docs.pmd-code.org/pmd-doc-7.11.0/pmd_rules_apex_design.html#stdcyclomaticcomplexity","Design","pmd"
"145","3","G:\Temp_data\Data Seed\DBT-Data-Seeding\force-app\main\default\classes\DataSeedingService.cls","255","17","NcssMethodCount","The method 'preprocessRecords()' has an NCSS line count of 88 (limit: 40)","https://docs.pmd-code.org/pmd-doc-7.11.0/pmd_rules_apex_design.html#ncssmethodcount","Design","pmd"
"146","3","G:\Temp_data\Data Seed\DBT-Data-Seeding\force-app\main\default\classes\DataSeedingService.cls","255","17","CognitiveComplexity","The method 'preprocessRecords(String, List<Map<String, Object>>, String, String, String, String)' has a cognitive complexity of 57, current threshold is 15","https://docs.pmd-code.org/pmd-doc-7.11.0/pmd_rules_apex_design.html#cognitivecomplexity","Design","pmd"
"147","3","G:\Temp_data\Data Seed\DBT-Data-Seeding\force-app\main\default\classes\DataSeedingService.cls","255","17","CyclomaticComplexity","The method 'preprocessRecords(String, List<Map<String, Object>>, String, String, String, String)' has a cyclomatic complexity of 29.","https://docs.pmd-code.org/pmd-doc-7.11.0/pmd_rules_apex_design.html#cyclomaticcomplexity","Design","pmd"
"148","3","G:\Temp_data\Data Seed\DBT-Data-Seeding\force-app\main\default\classes\DataSeedingService.cls","264","7","IfStmtsMustUseBraces","Avoid using if statements without curly braces","https://docs.pmd-code.org/pmd-doc-7.11.0/pmd_rules_apex_codestyle.html#ifstmtsmustusebraces","Code Style","pmd"
"149","3","G:\Temp_data\Data Seed\DBT-Data-Seeding\force-app\main\default\classes\DataSeedingService.cls","264","7","IfElseStmtsMustUseBraces","Avoid using if...else statements without curly braces","https://docs.pmd-code.org/pmd-doc-7.11.0/pmd_rules_apex_codestyle.html#ifelsestmtsmustusebraces","Code Style","pmd"
"150","3","G:\Temp_data\Data Seed\DBT-Data-Seeding\force-app\main\default\classes\DataSeedingService.cls","286","7","AvoidDebugStatements","Avoid debug statements since they impact on performance","https://docs.pmd-code.org/pmd-doc-7.11.0/pmd_rules_apex_performance.html#avoiddebugstatements","Performance","pmd"
"151","3","G:\Temp_data\Data Seed\DBT-Data-Seeding\force-app\main\default\classes\DataSeedingService.cls","286","7","DebugsShouldUseLoggingLevel","Calls to System.debug should specify a logging level.","https://docs.pmd-code.org/pmd-doc-7.11.0/pmd_rules_apex_bestpractices.html#debugsshoulduselogginglevel","Best Practices","pmd"
"152","3","G:\Temp_data\Data Seed\DBT-Data-Seeding\force-app\main\default\classes\DataSeedingService.cls","318","13","AvoidDeeplyNestedIfStmts","Deeply nested if..then statements are hard to read","https://docs.pmd-code.org/pmd-doc-7.11.0/pmd_rules_apex_design.html#avoiddeeplynestedifstmts","Design","pmd"
"153","3","G:\Temp_data\Data Seed\DBT-Data-Seeding\force-app\main\default\classes\DataSeedingService.cls","347","9","IfStmtsMustUseBraces","Avoid using if statements without curly braces","https://docs.pmd-code.org/pmd-doc-7.11.0/pmd_rules_apex_codestyle.html#ifstmtsmustusebraces","Code Style","pmd"
"154","3","G:\Temp_data\Data Seed\DBT-Data-Seeding\force-app\main\default\classes\DataSeedingService.cls","347","9","IfElseStmtsMustUseBraces","Avoid using if...else statements without curly braces","https://docs.pmd-code.org/pmd-doc-7.11.0/pmd_rules_apex_codestyle.html#ifelsestmtsmustusebraces","Code Style","pmd"
"155","3","G:\Temp_data\Data Seed\DBT-Data-Seeding\force-app\main\default\classes\DataSeedingService.cls","351","11","IfStmtsMustUseBraces","Avoid using if statements without curly braces","https://docs.pmd-code.org/pmd-doc-7.11.0/pmd_rules_apex_codestyle.html#ifstmtsmustusebraces","Code Style","pmd"
"156","3","G:\Temp_data\Data Seed\DBT-Data-Seeding\force-app\main\default\classes\DataSeedingService.cls","351","11","IfElseStmtsMustUseBraces","Avoid using if...else statements without curly braces","https://docs.pmd-code.org/pmd-doc-7.11.0/pmd_rules_apex_codestyle.html#ifelsestmtsmustusebraces","Code Style","pmd"
"157","3","G:\Temp_data\Data Seed\DBT-Data-Seeding\force-app\main\default\classes\DataSeedingService.cls","360","13","IfStmtsMustUseBraces","Avoid using if statements without curly braces","https://docs.pmd-code.org/pmd-doc-7.11.0/pmd_rules_apex_codestyle.html#ifstmtsmustusebraces","Code Style","pmd"
"158","3","G:\Temp_data\Data Seed\DBT-Data-Seeding\force-app\main\default\classes\DataSeedingService.cls","360","13","IfElseStmtsMustUseBraces","Avoid using if...else statements without curly braces","https://docs.pmd-code.org/pmd-doc-7.11.0/pmd_rules_apex_codestyle.html#ifelsestmtsmustusebraces","Code Style","pmd"
"159","3","G:\Temp_data\Data Seed\DBT-Data-Seeding\force-app\main\default\classes\DataSeedingService.cls","368","13","AvoidDeeplyNestedIfStmts","Deeply nested if..then statements are hard to read","https://docs.pmd-code.org/pmd-doc-7.11.0/pmd_rules_apex_design.html#avoiddeeplynestedifstmts","Design","pmd"
"160","3","G:\Temp_data\Data Seed\DBT-Data-Seeding\force-app\main\default\classes\DataSeedingService.cls","381","18","ExcessiveParameterList","Avoid long parameter lists.","https://docs.pmd-code.org/pmd-doc-7.11.0/pmd_rules_apex_design.html#excessiveparameterlist","Design","pmd"
"161","3","G:\Temp_data\Data Seed\DBT-Data-Seeding\force-app\main\default\classes\DataSeedingService.cls","381","18","StdCyclomaticComplexity","The method 'resolveReferences' has a Standard Cyclomatic Complexity of 13.","https://docs.pmd-code.org/pmd-doc-7.11.0/pmd_rules_apex_design.html#stdcyclomaticcomplexity","Design","pmd"
"162","3","G:\Temp_data\Data Seed\DBT-Data-Seeding\force-app\main\default\classes\DataSeedingService.cls","381","18","NcssMethodCount","The method 'resolveReferences()' has an NCSS line count of 54 (limit: 40)","https://docs.pmd-code.org/pmd-doc-7.11.0/pmd_rules_apex_design.html#ncssmethodcount","Design","pmd"
"163","3","G:\Temp_data\Data Seed\DBT-Data-Seeding\force-app\main\default\classes\DataSeedingService.cls","381","18","CognitiveComplexity","The method 'resolveReferences(String, Set<String>, Map<String, Map<String, String>>, String, String, String, String)' has a cognitive complexity of 19, current threshold is 15","https://docs.pmd-code.org/pmd-doc-7.11.0/pmd_rules_apex_design.html#cognitivecomplexity","Design","pmd"
"164","3","G:\Temp_data\Data Seed\DBT-Data-Seeding\force-app\main\default\classes\DataSeedingService.cls","381","18","CyclomaticComplexity","The method 'resolveReferences(String, Set<String>, Map<String, Map<String, String>>, String, String, String, String)' has a cyclomatic complexity of 17.","https://docs.pmd-code.org/pmd-doc-7.11.0/pmd_rules_apex_design.html#cyclomaticcomplexity","Design","pmd"
"165","3","G:\Temp_data\Data Seed\DBT-Data-Seeding\force-app\main\default\classes\DataSeedingService.cls","391","7","IfStmtsMustUseBraces","Avoid using if statements without curly braces","https://docs.pmd-code.org/pmd-doc-7.11.0/pmd_rules_apex_codestyle.html#ifstmtsmustusebraces","Code Style","pmd"
"166","3","G:\Temp_data\Data Seed\DBT-Data-Seeding\force-app\main\default\classes\DataSeedingService.cls","391","7","IfElseStmtsMustUseBraces","Avoid using if...else statements without curly braces","https://docs.pmd-code.org/pmd-doc-7.11.0/pmd_rules_apex_codestyle.html#ifelsestmtsmustusebraces","Code Style","pmd"
"167","3","G:\Temp_data\Data Seed\DBT-Data-Seeding\force-app\main\default\classes\DataSeedingService.cls","398","7","ForLoopsMustUseBraces","Avoid using for statements without curly braces","https://docs.pmd-code.org/pmd-doc-7.11.0/pmd_rules_apex_codestyle.html#forloopsmustusebraces","Code Style","pmd"
"168","3","G:\Temp_data\Data Seed\DBT-Data-Seeding\force-app\main\default\classes\DataSeedingService.cls","415","7","IfStmtsMustUseBraces","Avoid using if statements without curly braces","https://docs.pmd-code.org/pmd-doc-7.11.0/pmd_rules_apex_codestyle.html#ifstmtsmustusebraces","Code Style","pmd"
"169","3","G:\Temp_data\Data Seed\DBT-Data-Seeding\force-app\main\default\classes\DataSeedingService.cls","415","7","IfElseStmtsMustUseBraces","Avoid using if...else statements without curly braces","https://docs.pmd-code.org/pmd-doc-7.11.0/pmd_rules_apex_codestyle.html#ifelsestmtsmustusebraces","Code Style","pmd"
"170","3","G:\Temp_data\Data Seed\DBT-Data-Seeding\force-app\main\default\classes\DataSeedingService.cls","429","7","IfStmtsMustUseBraces","Avoid using if statements without curly braces","https://docs.pmd-code.org/pmd-doc-7.11.0/pmd_rules_apex_codestyle.html#ifstmtsmustusebraces","Code Style","pmd"
"171","3","G:\Temp_data\Data Seed\DBT-Data-Seeding\force-app\main\default\classes\DataSeedingService.cls","429","7","IfElseStmtsMustUseBraces","Avoid using if...else statements without curly braces","https://docs.pmd-code.org/pmd-doc-7.11.0/pmd_rules_apex_codestyle.html#ifelsestmtsmustusebraces","Code Style","pmd"
"172","3","G:\Temp_data\Data Seed\DBT-Data-Seeding\force-app\main\default\classes\DataSeedingService.cls","449","7","IfStmtsMustUseBraces","Avoid using if statements without curly braces","https://docs.pmd-code.org/pmd-doc-7.11.0/pmd_rules_apex_codestyle.html#ifstmtsmustusebraces","Code Style","pmd"
"173","3","G:\Temp_data\Data Seed\DBT-Data-Seeding\force-app\main\default\classes\DataSeedingService.cls","449","7","IfElseStmtsMustUseBraces","Avoid using if...else statements without curly braces","https://docs.pmd-code.org/pmd-doc-7.11.0/pmd_rules_apex_codestyle.html#ifelsestmtsmustusebraces","Code Style","pmd"
"174","3","G:\Temp_data\Data Seed\DBT-Data-Seeding\force-app\main\default\classes\DataSeedingService.cls","452","7","IfStmtsMustUseBraces","Avoid using if statements without curly braces","https://docs.pmd-code.org/pmd-doc-7.11.0/pmd_rules_apex_codestyle.html#ifstmtsmustusebraces","Code Style","pmd"
"175","3","G:\Temp_data\Data Seed\DBT-Data-Seeding\force-app\main\default\classes\DataSeedingService.cls","452","7","IfElseStmtsMustUseBraces","Avoid using if...else statements without curly braces","https://docs.pmd-code.org/pmd-doc-7.11.0/pmd_rules_apex_codestyle.html#ifelsestmtsmustusebraces","Code Style","pmd"
"176","3","G:\Temp_data\Data Seed\DBT-Data-Seeding\force-app\main\default\classes\DataSeedingService.cls","469","18","ExcessiveParameterList","Avoid long parameter lists.","https://docs.pmd-code.org/pmd-doc-7.11.0/pmd_rules_apex_design.html#excessiveparameterlist","Design","pmd"
"177","3","G:\Temp_data\Data Seed\DBT-Data-Seeding\force-app\main\default\classes\DataSeedingService.cls","469","18","StdCyclomaticComplexity","The method 'resolveUserProfiles' has a Standard Cyclomatic Complexity of 13.","https://docs.pmd-code.org/pmd-doc-7.11.0/pmd_rules_apex_design.html#stdcyclomaticcomplexity","Design","pmd"
"178","3","G:\Temp_data\Data Seed\DBT-Data-Seeding\force-app\main\default\classes\DataSeedingService.cls","469","18","NcssMethodCount","The method 'resolveUserProfiles()' has an NCSS line count of 54 (limit: 40)","https://docs.pmd-code.org/pmd-doc-7.11.0/pmd_rules_apex_design.html#ncssmethodcount","Design","pmd"
"179","3","G:\Temp_data\Data Seed\DBT-Data-Seeding\force-app\main\default\classes\DataSeedingService.cls","469","18","CognitiveComplexity","The method 'resolveUserProfiles(List<Map<String, Object>>, Map<String, Map<String, String>>, String, String, String, String)' has a cognitive complexity of 20, current threshold is 15","https://docs.pmd-code.org/pmd-doc-7.11.0/pmd_rules_apex_design.html#cognitivecomplexity","Design","pmd"
"180","3","G:\Temp_data\Data Seed\DBT-Data-Seeding\force-app\main\default\classes\DataSeedingService.cls","469","18","CyclomaticComplexity","The method 'resolveUserProfiles(List<Map<String, Object>>, Map<String, Map<String, String>>, String, String, String, String)' has a cyclomatic complexity of 17.","https://docs.pmd-code.org/pmd-doc-7.11.0/pmd_rules_apex_design.html#cyclomaticcomplexity","Design","pmd"
"181","3","G:\Temp_data\Data Seed\DBT-Data-Seeding\force-app\main\default\classes\DataSeedingService.cls","484","7","IfStmtsMustUseBraces","Avoid using if statements without curly braces","https://docs.pmd-code.org/pmd-doc-7.11.0/pmd_rules_apex_codestyle.html#ifstmtsmustusebraces","Code Style","pmd"
"182","3","G:\Temp_data\Data Seed\DBT-Data-Seeding\force-app\main\default\classes\DataSeedingService.cls","484","7","IfElseStmtsMustUseBraces","Avoid using if...else statements without curly braces","https://docs.pmd-code.org/pmd-doc-7.11.0/pmd_rules_apex_codestyle.html#ifelsestmtsmustusebraces","Code Style","pmd"
"183","3","G:\Temp_data\Data Seed\DBT-Data-Seeding\force-app\main\default\classes\DataSeedingService.cls","488","7","ForLoopsMustUseBraces","Avoid using for statements without curly braces","https://docs.pmd-code.org/pmd-doc-7.11.0/pmd_rules_apex_codestyle.html#forloopsmustusebraces","Code Style","pmd"
"184","3","G:\Temp_data\Data Seed\DBT-Data-Seeding\force-app\main\default\classes\DataSeedingService.cls","500","7","IfStmtsMustUseBraces","Avoid using if statements without curly braces","https://docs.pmd-code.org/pmd-doc-7.11.0/pmd_rules_apex_codestyle.html#ifstmtsmustusebraces","Code Style","pmd"
"185","3","G:\Temp_data\Data Seed\DBT-Data-Seeding\force-app\main\default\classes\DataSeedingService.cls","500","7","IfElseStmtsMustUseBraces","Avoid using if...else statements without curly braces","https://docs.pmd-code.org/pmd-doc-7.11.0/pmd_rules_apex_codestyle.html#ifelsestmtsmustusebraces","Code Style","pmd"
"186","3","G:\Temp_data\Data Seed\DBT-Data-Seeding\force-app\main\default\classes\DataSeedingService.cls","524","7","IfStmtsMustUseBraces","Avoid using if statements without curly braces","https://docs.pmd-code.org/pmd-doc-7.11.0/pmd_rules_apex_codestyle.html#ifstmtsmustusebraces","Code Style","pmd"
"187","3","G:\Temp_data\Data Seed\DBT-Data-Seeding\force-app\main\default\classes\DataSeedingService.cls","524","7","IfElseStmtsMustUseBraces","Avoid using if...else statements without curly braces","https://docs.pmd-code.org/pmd-doc-7.11.0/pmd_rules_apex_codestyle.html#ifelsestmtsmustusebraces","Code Style","pmd"
"188","3","G:\Temp_data\Data Seed\DBT-Data-Seeding\force-app\main\default\classes\DataSeedingService.cls","527","7","IfStmtsMustUseBraces","Avoid using if statements without curly braces","https://docs.pmd-code.org/pmd-doc-7.11.0/pmd_rules_apex_codestyle.html#ifstmtsmustusebraces","Code Style","pmd"
"189","3","G:\Temp_data\Data Seed\DBT-Data-Seeding\force-app\main\default\classes\DataSeedingService.cls","527","7","IfElseStmtsMustUseBraces","Avoid using if...else statements without curly braces","https://docs.pmd-code.org/pmd-doc-7.11.0/pmd_rules_apex_codestyle.html#ifelsestmtsmustusebraces","Code Style","pmd"
"190","3","G:\Temp_data\Data Seed\DBT-Data-Seeding\force-app\main\default\classes\DataSeedingService.cls","558","7","AvoidDebugStatements","Avoid debug statements since they impact on performance","https://docs.pmd-code.org/pmd-doc-7.11.0/pmd_rules_apex_performance.html#avoiddebugstatements","Performance","pmd"
"191","3","G:\Temp_data\Data Seed\DBT-Data-Seeding\force-app\main\default\classes\DataSeedingService.cls","558","7","DebugsShouldUseLoggingLevel","Calls to System.debug should specify a logging level.","https://docs.pmd-code.org/pmd-doc-7.11.0/pmd_rules_apex_bestpractices.html#debugsshoulduselogginglevel","Best Practices","pmd"
"192","3","G:\Temp_data\Data Seed\DBT-Data-Seeding\force-app\main\default\classes\DataSeedingService.cls","575","13","AvoidDeeplyNestedIfStmts","Deeply nested if..then statements are hard to read","https://docs.pmd-code.org/pmd-doc-7.11.0/pmd_rules_apex_design.html#avoiddeeplynestedifstmts","Design","pmd"
"193","3","G:\Temp_data\Data Seed\DBT-Data-Seeding\force-app\main\default\classes\DataSeedingService.cls","582","7","AvoidDebugStatements","Avoid debug statements since they impact on performance","https://docs.pmd-code.org/pmd-doc-7.11.0/pmd_rules_apex_performance.html#avoiddebugstatements","Performance","pmd"
"194","3","G:\Temp_data\Data Seed\DBT-Data-Seeding\force-app\main\default\classes\DataSeedingService.cls","582","7","DebugsShouldUseLoggingLevel","Calls to System.debug should specify a logging level.","https://docs.pmd-code.org/pmd-doc-7.11.0/pmd_rules_apex_bestpractices.html#debugsshoulduselogginglevel","Best Practices","pmd"
"195","3","G:\Temp_data\Data Seed\DBT-Data-Seeding\force-app\main\default\classes\DataSeedingServiceTest.cls","36","7","ApexAssertionsShouldIncludeMessage","'System.assertEquals' should have 3 parameters.","https://docs.pmd-code.org/pmd-doc-7.11.0/pmd_rules_apex_bestpractices.html#apexassertionsshouldincludemessage","Best Practices","pmd"
"196","3","G:\Temp_data\Data Seed\DBT-Data-Seeding\force-app\main\default\classes\DataSeedingServiceTest.cls","37","7","ApexAssertionsShouldIncludeMessage","'System.assertEquals' should have 3 parameters.","https://docs.pmd-code.org/pmd-doc-7.11.0/pmd_rules_apex_bestpractices.html#apexassertionsshouldincludemessage","Best Practices","pmd"
"197","3","G:\Temp_data\Data Seed\DBT-Data-Seeding\force-app\main\default\classes\DataSeedingServiceTest.cls","38","7","ApexAssertionsShouldIncludeMessage","'System.assertNotEquals' should have 3 parameters.","https://docs.pmd-code.org/pmd-doc-7.11.0/pmd_rules_apex_bestpractices.html#apexassertionsshouldincludemessage","Best Practices","pmd"
"198","3","G:\Temp_data\Data Seed\DBT-Data-Seeding\force-app\main\default\classes\DataSeedingServiceTest.cls","62","5","ApexAssertionsShouldIncludeMessage","'System.assertEquals' should have 3 parameters.","https://docs.pmd-code.org/pmd-doc-7.11.0/pmd_rules_apex_bestpractices.html#apexassertionsshouldincludemessage","Best Practices","pmd"
"199","3","G:\Temp_data\Data Seed\DBT-Data-Seeding\force-app\main\default\classes\DataSeedingServiceTest.cls","63","5","ApexAssertionsShouldIncludeMessage","'System.assertEquals' should have 3 parameters.","https://docs.pmd-code.org/pmd-doc-7.11.0/pmd_rules_apex_bestpractices.html#apexassertionsshouldincludemessage","Best Practices","pmd"
"200","3","G:\Temp_data\Data Seed\DBT-Data-Seeding\force-app\main\default\classes\DataSeedingServiceTest.cls","64","5","ApexAssertionsShouldIncludeMessage","'System.assertEquals' should have 3 parameters.","https://docs.pmd-code.org/pmd-doc-7.11.0/pmd_rules_apex_bestpractices.html#apexassertionsshouldincludemessage","Best Practices","pmd"
"201","3","G:\Temp_data\Data Seed\DBT-Data-Seeding\force-app\main\default\classes\DataSeedingServiceTest.cls","88","5","ApexAssertionsShouldIncludeMessage","'System.assertNotEquals' should have 3 parameters.","https://docs.pmd-code.org/pmd-doc-7.11.0/pmd_rules_apex_bestpractices.html#apexassertionsshouldincludemessage","Best Practices","pmd"
"202","3","G:\Temp_data\Data Seed\DBT-Data-Seeding\force-app\main\default\classes\DataSeedingServiceTest.cls","91","10","ApexDoc","Missing ApexDoc comment","https://docs.pmd-code.org/pmd-doc-7.11.0/pmd_rules_apex_documentation.html#apexdoc","Documentation","pmd"
"203","3","G:\Temp_data\Data Seed\DBT-Data-Seeding\force-app\main\default\classes\DataSeedingServiceTest.cls","92","12","ApexDoc","Missing ApexDoc comment","https://docs.pmd-code.org/pmd-doc-7.11.0/pmd_rules_apex_documentation.html#apexdoc","Documentation","pmd"
"204","3","G:\Temp_data\Data Seed\DBT-Data-Seeding\force-app\main\default\classes\DataSeedingServicesTestV2.cls","4","12","ApexDoc","Missing ApexDoc comment","https://docs.pmd-code.org/pmd-doc-7.11.0/pmd_rules_apex_documentation.html#apexdoc","Documentation","pmd"
"205","3","G:\Temp_data\Data Seed\DBT-Data-Seeding\force-app\main\default\classes\DataSeedingServicesTestV2.cls","41","10","ApexUnitTestClassShouldHaveAsserts","Apex unit tests should System.assert() or assertEquals() or assertNotEquals()","https://docs.pmd-code.org/pmd-doc-7.11.0/pmd_rules_apex_bestpractices.html#apexunittestclassshouldhaveasserts","Best Practices","pmd"
"206","3","G:\Temp_data\Data Seed\DBT-Data-Seeding\force-app\main\default\classes\DataSeedingServicesTestV2.cls","97","10","ApexUnitTestClassShouldHaveAsserts","Apex unit tests should System.assert() or assertEquals() or assertNotEquals()","https://docs.pmd-code.org/pmd-doc-7.11.0/pmd_rules_apex_bestpractices.html#apexunittestclassshouldhaveasserts","Best Practices","pmd"
"207","3","G:\Temp_data\Data Seed\DBT-Data-Seeding\force-app\main\default\classes\DataSeedingServicesTestV2.cls","154","9","EmptyCatchBlock","Avoid empty catch blocks","https://docs.pmd-code.org/pmd-doc-7.11.0/pmd_rules_apex_errorprone.html#emptycatchblock","Error Prone","pmd"
"208","3","G:\Temp_data\Data Seed\DBT-Data-Seeding\force-app\main\default\classes\DataSeedingServicesTestV2.cls","158","9","EmptyCatchBlock","Avoid empty catch blocks","https://docs.pmd-code.org/pmd-doc-7.11.0/pmd_rules_apex_errorprone.html#emptycatchblock","Error Prone","pmd"
"209","3","G:\Temp_data\Data Seed\DBT-Data-Seeding\force-app\main\default\classes\DataSeedingServicesTestV2.cls","170","9","EmptyCatchBlock","Avoid empty catch blocks","https://docs.pmd-code.org/pmd-doc-7.11.0/pmd_rules_apex_errorprone.html#emptycatchblock","Error Prone","pmd"
"210","3","G:\Temp_data\Data Seed\DBT-Data-Seeding\force-app\main\default\classes\DataSeedingServicesTestV2.cls","178","9","EmptyCatchBlock","Avoid empty catch blocks","https://docs.pmd-code.org/pmd-doc-7.11.0/pmd_rules_apex_errorprone.html#emptycatchblock","Error Prone","pmd"
"211","3","G:\Temp_data\Data Seed\DBT-Data-Seeding\force-app\main\default\classes\DataSeedingServicesTestV2.cls","182","9","EmptyCatchBlock","Avoid empty catch blocks","https://docs.pmd-code.org/pmd-doc-7.11.0/pmd_rules_apex_errorprone.html#emptycatchblock","Error Prone","pmd"
"212","3","G:\Temp_data\Data Seed\DBT-Data-Seeding\force-app\main\default\classes\DataSeedingServicesTestV2.cls","186","9","EmptyCatchBlock","Avoid empty catch blocks","https://docs.pmd-code.org/pmd-doc-7.11.0/pmd_rules_apex_errorprone.html#emptycatchblock","Error Prone","pmd"
"213","3","G:\Temp_data\Data Seed\DBT-Data-Seeding\force-app\main\default\classes\ExternalOrgAuthService.cls","1","21","ApexDoc","Missing ApexDoc comment","https://docs.pmd-code.org/pmd-doc-7.11.0/pmd_rules_apex_documentation.html#apexdoc","Documentation","pmd"
"214","3","G:\Temp_data\Data Seed\DBT-Data-Seeding\force-app\main\default\classes\ExternalOrgAuthService.cls","2","10","ApexDoc","Missing ApexDoc comment","https://docs.pmd-code.org/pmd-doc-7.11.0/pmd_rules_apex_documentation.html#apexdoc","Documentation","pmd"
"215","3","G:\Temp_data\Data Seed\DBT-Data-Seeding\force-app\main\default\classes\ExternalOrgAuthService.cls","9","10","ApexDoc","Missing ApexDoc comment","https://docs.pmd-code.org/pmd-doc-7.11.0/pmd_rules_apex_documentation.html#apexdoc","Documentation","pmd"
"216","3","G:\Temp_data\Data Seed\DBT-Data-Seeding\force-app\main\default\classes\ExternalOrgAuthService.cls","22","17","ApexDoc","Missing ApexDoc comment","https://docs.pmd-code.org/pmd-doc-7.11.0/pmd_rules_apex_documentation.html#apexdoc","Documentation","pmd"
"217","3","G:\Temp_data\Data Seed\DBT-Data-Seeding\force-app\main\default\classes\ExternalOrgAuthService.cls","27","5","AvoidDebugStatements","Avoid debug statements since they impact on performance","https://docs.pmd-code.org/pmd-doc-7.11.0/pmd_rules_apex_performance.html#avoiddebugstatements","Performance","pmd"
"218","3","G:\Temp_data\Data Seed\DBT-Data-Seeding\force-app\main\default\classes\ExternalOrgAuthService.cls","27","5","DebugsShouldUseLoggingLevel","Calls to System.debug should specify a logging level.","https://docs.pmd-code.org/pmd-doc-7.11.0/pmd_rules_apex_bestpractices.html#debugsshoulduselogginglevel","Best Practices","pmd"
"219","3","G:\Temp_data\Data Seed\DBT-Data-Seeding\force-app\main\default\classes\ExternalOrgAuthService.cls","59","7","AvoidDebugStatements","Avoid debug statements since they impact on performance","https://docs.pmd-code.org/pmd-doc-7.11.0/pmd_rules_apex_performance.html#avoiddebugstatements","Performance","pmd"
"220","3","G:\Temp_data\Data Seed\DBT-Data-Seeding\force-app\main\default\classes\ExternalOrgAuthService.cls","59","7","DebugsShouldUseLoggingLevel","Calls to System.debug should specify a logging level.","https://docs.pmd-code.org/pmd-doc-7.11.0/pmd_rules_apex_bestpractices.html#debugsshoulduselogginglevel","Best Practices","pmd"
"221","3","G:\Temp_data\Data Seed\DBT-Data-Seeding\force-app\main\default\classes\ExternalOrgAuthService.cls","71","17","ApexDoc","Missing ApexDoc comment","https://docs.pmd-code.org/pmd-doc-7.11.0/pmd_rules_apex_documentation.html#apexdoc","Documentation","pmd"
"222","3","G:\Temp_data\Data Seed\DBT-Data-Seeding\force-app\main\default\classes\ExternalOrgAuthService.cls","71","17","NcssMethodCount","The method 'login()' has an NCSS line count of 54 (limit: 40)","https://docs.pmd-code.org/pmd-doc-7.11.0/pmd_rules_apex_design.html#ncssmethodcount","Design","pmd"
"223","3","G:\Temp_data\Data Seed\DBT-Data-Seeding\force-app\main\default\classes\ExternalOrgAuthService.cls","71","17","CyclomaticComplexity","The method 'login(String, String, String)' has a cyclomatic complexity of 17.","https://docs.pmd-code.org/pmd-doc-7.11.0/pmd_rules_apex_design.html#cyclomaticcomplexity","Design","pmd"
"224","3","G:\Temp_data\Data Seed\DBT-Data-Seeding\force-app\main\default\classes\ExternalOrgAuthService.cls","79","5","AvoidDebugStatements","Avoid debug statements since they impact on performance","https://docs.pmd-code.org/pmd-doc-7.11.0/pmd_rules_apex_performance.html#avoiddebugstatements","Performance","pmd"
"225","3","G:\Temp_data\Data Seed\DBT-Data-Seeding\force-app\main\default\classes\ExternalOrgAuthService.cls","79","5","DebugsShouldUseLoggingLevel","Calls to System.debug should specify a logging level.","https://docs.pmd-code.org/pmd-doc-7.11.0/pmd_rules_apex_bestpractices.html#debugsshoulduselogginglevel","Best Practices","pmd"
"226","3","G:\Temp_data\Data Seed\DBT-Data-Seeding\force-app\main\default\classes\ExternalOrgAuthService.cls","107","5","AvoidDebugStatements","Avoid debug statements since they impact on performance","https://docs.pmd-code.org/pmd-doc-7.11.0/pmd_rules_apex_performance.html#avoiddebugstatements","Performance","pmd"
"227","3","G:\Temp_data\Data Seed\DBT-Data-Seeding\force-app\main\default\classes\ExternalOrgAuthService.cls","107","5","DebugsShouldUseLoggingLevel","Calls to System.debug should specify a logging level.","https://docs.pmd-code.org/pmd-doc-7.11.0/pmd_rules_apex_bestpractices.html#debugsshoulduselogginglevel","Best Practices","pmd"
"228","3","G:\Temp_data\Data Seed\DBT-Data-Seeding\force-app\main\default\classes\ExternalOrgAuthService.cls","110","5","AvoidDebugStatements","Avoid debug statements since they impact on performance","https://docs.pmd-code.org/pmd-doc-7.11.0/pmd_rules_apex_performance.html#avoiddebugstatements","Performance","pmd"
"229","3","G:\Temp_data\Data Seed\DBT-Data-Seeding\force-app\main\default\classes\ExternalOrgAuthService.cls","110","5","DebugsShouldUseLoggingLevel","Calls to System.debug should specify a logging level.","https://docs.pmd-code.org/pmd-doc-7.11.0/pmd_rules_apex_bestpractices.html#debugsshoulduselogginglevel","Best Practices","pmd"
"230","3","G:\Temp_data\Data Seed\DBT-Data-Seeding\force-app\main\default\classes\ExternalOrgAuthService.cls","118","7","AvoidDebugStatements","Avoid debug statements since they impact on performance","https://docs.pmd-code.org/pmd-doc-7.11.0/pmd_rules_apex_performance.html#avoiddebugstatements","Performance","pmd"
"231","3","G:\Temp_data\Data Seed\DBT-Data-Seeding\force-app\main\default\classes\ExternalOrgAuthService.cls","118","7","DebugsShouldUseLoggingLevel","Calls to System.debug should specify a logging level.","https://docs.pmd-code.org/pmd-doc-7.11.0/pmd_rules_apex_bestpractices.html#debugsshoulduselogginglevel","Best Practices","pmd"
"232","3","G:\Temp_data\Data Seed\DBT-Data-Seeding\force-app\main\default\classes\ExternalOrgDescribeService.cls","1","21","ApexDoc","Missing ApexDoc comment","https://docs.pmd-code.org/pmd-doc-7.11.0/pmd_rules_apex_documentation.html#apexdoc","Documentation","pmd"
"233","3","G:\Temp_data\Data Seed\DBT-Data-Seeding\force-app\main\default\classes\ExternalOrgDescribeService.cls","1","21","StdCyclomaticComplexity","The class 'ExternalOrgDescribeService' has a Standard Cyclomatic Complexity of 8 (Highest = 17).","https://docs.pmd-code.org/pmd-doc-7.11.0/pmd_rules_apex_design.html#stdcyclomaticcomplexity","Design","pmd"
"234","3","G:\Temp_data\Data Seed\DBT-Data-Seeding\force-app\main\default\classes\ExternalOrgDescribeService.cls","1","21","CognitiveComplexity","The class 'ExternalOrgDescribeService' has a total cognitive complexity of 461 (highest 81), current threshold is 50","https://docs.pmd-code.org/pmd-doc-7.11.0/pmd_rules_apex_design.html#cognitivecomplexity","Design","pmd"
"235","3","G:\Temp_data\Data Seed\DBT-Data-Seeding\force-app\main\default\classes\ExternalOrgDescribeService.cls","1","21","CyclomaticComplexity","The class 'ExternalOrgDescribeService' has a total cyclomatic complexity of 203 (highest 25).","https://docs.pmd-code.org/pmd-doc-7.11.0/pmd_rules_apex_design.html#cyclomaticcomplexity","Design","pmd"
"236","3","G:\Temp_data\Data Seed\DBT-Data-Seeding\force-app\main\default\classes\ExternalOrgDescribeService.cls","1","21","NcssTypeCount","The type has an NCSS line count of 602","https://docs.pmd-code.org/pmd-doc-7.11.0/pmd_rules_apex_design.html#ncsstypecount","Design","pmd"
"237","3","G:\Temp_data\Data Seed\DBT-Data-Seeding\force-app\main\default\classes\ExternalOrgDescribeService.cls","2","10","ApexDoc","Missing ApexDoc comment","https://docs.pmd-code.org/pmd-doc-7.11.0/pmd_rules_apex_documentation.html#apexdoc","Documentation","pmd"
"238","3","G:\Temp_data\Data Seed\DBT-Data-Seeding\force-app\main\default\classes\ExternalOrgDescribeService.cls","18","12","ApexDoc","Missing ApexDoc comment","https://docs.pmd-code.org/pmd-doc-7.11.0/pmd_rules_apex_documentation.html#apexdoc","Documentation","pmd"
"239","3","G:\Temp_data\Data Seed\DBT-Data-Seeding\force-app\main\default\classes\ExternalOrgDescribeService.cls","24","12","ApexDoc","Missing ApexDoc comment","https://docs.pmd-code.org/pmd-doc-7.11.0/pmd_rules_apex_documentation.html#apexdoc","Documentation","pmd"
"240","3","G:\Temp_data\Data Seed\DBT-Data-Seeding\force-app\main\default\classes\ExternalOrgDescribeService.cls","31","10","ApexDoc","Missing ApexDoc comment","https://docs.pmd-code.org/pmd-doc-7.11.0/pmd_rules_apex_documentation.html#apexdoc","Documentation","pmd"
"241","3","G:\Temp_data\Data Seed\DBT-Data-Seeding\force-app\main\default\classes\ExternalOrgDescribeService.cls","39","12","ApexDoc","Missing ApexDoc comment","https://docs.pmd-code.org/pmd-doc-7.11.0/pmd_rules_apex_documentation.html#apexdoc","Documentation","pmd"
"242","3","G:\Temp_data\Data Seed\DBT-Data-Seeding\force-app\main\default\classes\ExternalOrgDescribeService.cls","46","51","FieldDeclarationsShouldBeAtStart","Field declaration for 'describeCache' should be before method declarations in its class","https://docs.pmd-code.org/pmd-doc-7.11.0/pmd_rules_apex_codestyle.html#fielddeclarationsshouldbeatstart","Code Style","pmd"
"243","3","G:\Temp_data\Data Seed\DBT-Data-Seeding\force-app\main\default\classes\ExternalOrgDescribeService.cls","48","36","FieldDeclarationsShouldBeAtStart","Field declaration for 'IGNORED_CHILD_OBJECTS' should be before method declarations in its class","https://docs.pmd-code.org/pmd-doc-7.11.0/pmd_rules_apex_codestyle.html#fielddeclarationsshouldbeatstart","Code Style","pmd"
"244","3","G:\Temp_data\Data Seed\DBT-Data-Seeding\force-app\main\default\classes\ExternalOrgDescribeService.cls","77","17","ApexDoc","Missing ApexDoc comment","https://docs.pmd-code.org/pmd-doc-7.11.0/pmd_rules_apex_documentation.html#apexdoc","Documentation","pmd"
"245","3","G:\Temp_data\Data Seed\DBT-Data-Seeding\force-app\main\default\classes\ExternalOrgDescribeService.cls","77","17","NcssMethodCount","The method 'getAvailableObjects()' has an NCSS line count of 42 (limit: 40)","https://docs.pmd-code.org/pmd-doc-7.11.0/pmd_rules_apex_design.html#ncssmethodcount","Design","pmd"
"246","3","G:\Temp_data\Data Seed\DBT-Data-Seeding\force-app\main\default\classes\ExternalOrgDescribeService.cls","77","17","CyclomaticComplexity","The method 'getAvailableObjects(String, String)' has a cyclomatic complexity of 14.","https://docs.pmd-code.org/pmd-doc-7.11.0/pmd_rules_apex_design.html#cyclomaticcomplexity","Design","pmd"
"247","3","G:\Temp_data\Data Seed\DBT-Data-Seeding\force-app\main\default\classes\ExternalOrgDescribeService.cls","81","5","AvoidDebugStatements","Avoid debug statements since they impact on performance","https://docs.pmd-code.org/pmd-doc-7.11.0/pmd_rules_apex_performance.html#avoiddebugstatements","Performance","pmd"
"248","3","G:\Temp_data\Data Seed\DBT-Data-Seeding\force-app\main\default\classes\ExternalOrgDescribeService.cls","81","5","DebugsShouldUseLoggingLevel","Calls to System.debug should specify a logging level.","https://docs.pmd-code.org/pmd-doc-7.11.0/pmd_rules_apex_bestpractices.html#debugsshoulduselogginglevel","Best Practices","pmd"
"249","3","G:\Temp_data\Data Seed\DBT-Data-Seeding\force-app\main\default\classes\ExternalOrgDescribeService.cls","90","25","ApexSuggestUsingNamedCred","Suggest named credentials for authentication","https://docs.pmd-code.org/pmd-doc-7.11.0/pmd_rules_apex_security.html#apexsuggestusingnamedcred","Security","pmd"
"250","3","G:\Temp_data\Data Seed\DBT-Data-Seeding\force-app\main\default\classes\ExternalOrgDescribeService.cls","94","7","AvoidDebugStatements","Avoid debug statements since they impact on performance","https://docs.pmd-code.org/pmd-doc-7.11.0/pmd_rules_apex_performance.html#avoiddebugstatements","Performance","pmd"
"251","3","G:\Temp_data\Data Seed\DBT-Data-Seeding\force-app\main\default\classes\ExternalOrgDescribeService.cls","94","7","DebugsShouldUseLoggingLevel","Calls to System.debug should specify a logging level.","https://docs.pmd-code.org/pmd-doc-7.11.0/pmd_rules_apex_bestpractices.html#debugsshoulduselogginglevel","Best Practices","pmd"
"252","3","G:\Temp_data\Data Seed\DBT-Data-Seeding\force-app\main\default\classes\ExternalOrgDescribeService.cls","126","7","AvoidDebugStatements","Avoid debug statements since they impact on performance","https://docs.pmd-code.org/pmd-doc-7.11.0/pmd_rules_apex_performance.html#avoiddebugstatements","Performance","pmd"
"253","3","G:\Temp_data\Data Seed\DBT-Data-Seeding\force-app\main\default\classes\ExternalOrgDescribeService.cls","126","7","DebugsShouldUseLoggingLevel","Calls to System.debug should specify a logging level.","https://docs.pmd-code.org/pmd-doc-7.11.0/pmd_rules_apex_bestpractices.html#debugsshoulduselogginglevel","Best Practices","pmd"
"254","3","G:\Temp_data\Data Seed\DBT-Data-Seeding\force-app\main\default\classes\ExternalOrgDescribeService.cls","133","17","ExcessiveParameterList","Avoid long parameter lists.","https://docs.pmd-code.org/pmd-doc-7.11.0/pmd_rules_apex_design.html#excessiveparameterlist","Design","pmd"
"255","3","G:\Temp_data\Data Seed\DBT-Data-Seeding\force-app\main\default\classes\ExternalOrgDescribeService.cls","133","17","ApexDoc","Missing ApexDoc comment","https://docs.pmd-code.org/pmd-doc-7.11.0/pmd_rules_apex_documentation.html#apexdoc","Documentation","pmd"
"256","3","G:\Temp_data\Data Seed\DBT-Data-Seeding\force-app\main\default\classes\ExternalOrgDescribeService.cls","133","17","CyclomaticComplexity","The method 'getObjectDependencies(String, String, String, Integer, List<String>)' has a cyclomatic complexity of 12.","https://docs.pmd-code.org/pmd-doc-7.11.0/pmd_rules_apex_design.html#cyclomaticcomplexity","Design","pmd"
"257","3","G:\Temp_data\Data Seed\DBT-Data-Seeding\force-app\main\default\classes\ExternalOrgDescribeService.cls","140","5","AvoidDebugStatements","Avoid debug statements since they impact on performance","https://docs.pmd-code.org/pmd-doc-7.11.0/pmd_rules_apex_performance.html#avoiddebugstatements","Performance","pmd"
"258","3","G:\Temp_data\Data Seed\DBT-Data-Seeding\force-app\main\default\classes\ExternalOrgDescribeService.cls","140","5","DebugsShouldUseLoggingLevel","Calls to System.debug should specify a logging level.","https://docs.pmd-code.org/pmd-doc-7.11.0/pmd_rules_apex_bestpractices.html#debugsshoulduselogginglevel","Best Practices","pmd"
"259","3","G:\Temp_data\Data Seed\DBT-Data-Seeding\force-app\main\default\classes\ExternalOrgDescribeService.cls","165","11","IfStmtsMustUseBraces","Avoid using if statements without curly braces","https://docs.pmd-code.org/pmd-doc-7.11.0/pmd_rules_apex_codestyle.html#ifstmtsmustusebraces","Code Style","pmd"
"260","3","G:\Temp_data\Data Seed\DBT-Data-Seeding\force-app\main\default\classes\ExternalOrgDescribeService.cls","165","11","IfElseStmtsMustUseBraces","Avoid using if...else statements without curly braces","https://docs.pmd-code.org/pmd-doc-7.11.0/pmd_rules_apex_codestyle.html#ifelsestmtsmustusebraces","Code Style","pmd"
"261","3","G:\Temp_data\Data Seed\DBT-Data-Seeding\force-app\main\default\classes\ExternalOrgDescribeService.cls","187","7","AvoidDebugStatements","Avoid debug statements since they impact on performance","https://docs.pmd-code.org/pmd-doc-7.11.0/pmd_rules_apex_performance.html#avoiddebugstatements","Performance","pmd"
"262","3","G:\Temp_data\Data Seed\DBT-Data-Seeding\force-app\main\default\classes\ExternalOrgDescribeService.cls","187","7","DebugsShouldUseLoggingLevel","Calls to System.debug should specify a logging level.","https://docs.pmd-code.org/pmd-doc-7.11.0/pmd_rules_apex_bestpractices.html#debugsshoulduselogginglevel","Best Practices","pmd"
"263","3","G:\Temp_data\Data Seed\DBT-Data-Seeding\force-app\main\default\classes\ExternalOrgDescribeService.cls","194","18","ExcessiveParameterList","Avoid long parameter lists.","https://docs.pmd-code.org/pmd-doc-7.11.0/pmd_rules_apex_design.html#excessiveparameterlist","Design","pmd"
"264","3","G:\Temp_data\Data Seed\DBT-Data-Seeding\force-app\main\default\classes\ExternalOrgDescribeService.cls","194","18","CognitiveComplexity","The method 'prefetchMetadata(String, String, String, Integer, Set<String>)' has a cognitive complexity of 18, current threshold is 15","https://docs.pmd-code.org/pmd-doc-7.11.0/pmd_rules_apex_design.html#cognitivecomplexity","Design","pmd"
"265","3","G:\Temp_data\Data Seed\DBT-Data-Seeding\force-app\main\default\classes\ExternalOrgDescribeService.cls","211","11","IfStmtsMustUseBraces","Avoid using if statements without curly braces","https://docs.pmd-code.org/pmd-doc-7.11.0/pmd_rules_apex_codestyle.html#ifstmtsmustusebraces","Code Style","pmd"
"266","3","G:\Temp_data\Data Seed\DBT-Data-Seeding\force-app\main\default\classes\ExternalOrgDescribeService.cls","211","11","IfElseStmtsMustUseBraces","Avoid using if...else statements without curly braces","https://docs.pmd-code.org/pmd-doc-7.11.0/pmd_rules_apex_codestyle.html#ifelsestmtsmustusebraces","Code Style","pmd"
"267","3","G:\Temp_data\Data Seed\DBT-Data-Seeding\force-app\main\default\classes\ExternalOrgDescribeService.cls","241","9","IfStmtsMustUseBraces","Avoid using if statements without curly braces","https://docs.pmd-code.org/pmd-doc-7.11.0/pmd_rules_apex_codestyle.html#ifstmtsmustusebraces","Code Style","pmd"
"268","3","G:\Temp_data\Data Seed\DBT-Data-Seeding\force-app\main\default\classes\ExternalOrgDescribeService.cls","241","9","IfElseStmtsMustUseBraces","Avoid using if...else statements without curly braces","https://docs.pmd-code.org/pmd-doc-7.11.0/pmd_rules_apex_codestyle.html#ifelsestmtsmustusebraces","Code Style","pmd"
"269","3","G:\Temp_data\Data Seed\DBT-Data-Seeding\force-app\main\default\classes\ExternalOrgDescribeService.cls","247","18","ExcessiveParameterList","Avoid long parameter lists.","https://docs.pmd-code.org/pmd-doc-7.11.0/pmd_rules_apex_design.html#excessiveparameterlist","Design","pmd"
"270","3","G:\Temp_data\Data Seed\DBT-Data-Seeding\force-app\main\default\classes\ExternalOrgDescribeService.cls","247","18","StdCyclomaticComplexity","The method 'collectParents' has a Standard Cyclomatic Complexity of 12.","https://docs.pmd-code.org/pmd-doc-7.11.0/pmd_rules_apex_design.html#stdcyclomaticcomplexity","Design","pmd"
"271","3","G:\Temp_data\Data Seed\DBT-Data-Seeding\force-app\main\default\classes\ExternalOrgDescribeService.cls","247","18","NcssMethodCount","The method 'collectParents()' has an NCSS line count of 42 (limit: 40)","https://docs.pmd-code.org/pmd-doc-7.11.0/pmd_rules_apex_design.html#ncssmethodcount","Design","pmd"
"272","3","G:\Temp_data\Data Seed\DBT-Data-Seeding\force-app\main\default\classes\ExternalOrgDescribeService.cls","247","18","CognitiveComplexity","The method 'collectParents(Map<String, Object>, Set<String>, Set<String>, Integer, Integer)' has a cognitive complexity of 47, current threshold is 15","https://docs.pmd-code.org/pmd-doc-7.11.0/pmd_rules_apex_design.html#cognitivecomplexity","Design","pmd"
"273","3","G:\Temp_data\Data Seed\DBT-Data-Seeding\force-app\main\default\classes\ExternalOrgDescribeService.cls","247","18","CyclomaticComplexity","The method 'collectParents(Map<String, Object>, Set<String>, Set<String>, Integer, Integer)' has a cyclomatic complexity of 16.","https://docs.pmd-code.org/pmd-doc-7.11.0/pmd_rules_apex_design.html#cyclomaticcomplexity","Design","pmd"
"274","3","G:\Temp_data\Data Seed\DBT-Data-Seeding\force-app\main\default\classes\ExternalOrgDescribeService.cls","255","7","IfStmtsMustUseBraces","Avoid using if statements without curly braces","https://docs.pmd-code.org/pmd-doc-7.11.0/pmd_rules_apex_codestyle.html#ifstmtsmustusebraces","Code Style","pmd"
"275","3","G:\Temp_data\Data Seed\DBT-Data-Seeding\force-app\main\default\classes\ExternalOrgDescribeService.cls","255","7","IfElseStmtsMustUseBraces","Avoid using if...else statements without curly braces","https://docs.pmd-code.org/pmd-doc-7.11.0/pmd_rules_apex_codestyle.html#ifelsestmtsmustusebraces","Code Style","pmd"
"276","3","G:\Temp_data\Data Seed\DBT-Data-Seeding\force-app\main\default\classes\ExternalOrgDescribeService.cls","272","11","AvoidDeeplyNestedIfStmts","Deeply nested if..then statements are hard to read","https://docs.pmd-code.org/pmd-doc-7.11.0/pmd_rules_apex_design.html#avoiddeeplynestedifstmts","Design","pmd"
"277","3","G:\Temp_data\Data Seed\DBT-Data-Seeding\force-app\main\default\classes\ExternalOrgDescribeService.cls","273","13","IfStmtsMustUseBraces","Avoid using if statements without curly braces","https://docs.pmd-code.org/pmd-doc-7.11.0/pmd_rules_apex_codestyle.html#ifstmtsmustusebraces","Code Style","pmd"
"278","3","G:\Temp_data\Data Seed\DBT-Data-Seeding\force-app\main\default\classes\ExternalOrgDescribeService.cls","273","13","IfElseStmtsMustUseBraces","Avoid using if...else statements without curly braces","https://docs.pmd-code.org/pmd-doc-7.11.0/pmd_rules_apex_codestyle.html#ifelsestmtsmustusebraces","Code Style","pmd"
"279","3","G:\Temp_data\Data Seed\DBT-Data-Seeding\force-app\main\default\classes\ExternalOrgDescribeService.cls","279","11","AvoidDeeplyNestedIfStmts","Deeply nested if..then statements are hard to read","https://docs.pmd-code.org/pmd-doc-7.11.0/pmd_rules_apex_design.html#avoiddeeplynestedifstmts","Design","pmd"
"280","3","G:\Temp_data\Data Seed\DBT-Data-Seeding\force-app\main\default\classes\ExternalOrgDescribeService.cls","282","13","AvoidDeeplyNestedIfStmts","Deeply nested if..then statements are hard to read","https://docs.pmd-code.org/pmd-doc-7.11.0/pmd_rules_apex_design.html#avoiddeeplynestedifstmts","Design","pmd"
"281","3","G:\Temp_data\Data Seed\DBT-Data-Seeding\force-app\main\default\classes\ExternalOrgDescribeService.cls","285","15","AvoidDeeplyNestedIfStmts","Deeply nested if..then statements are hard to read","https://docs.pmd-code.org/pmd-doc-7.11.0/pmd_rules_apex_design.html#avoiddeeplynestedifstmts","Design","pmd"
"282","3","G:\Temp_data\Data Seed\DBT-Data-Seeding\force-app\main\default\classes\ExternalOrgDescribeService.cls","286","17","IfStmtsMustUseBraces","Avoid using if statements without curly braces","https://docs.pmd-code.org/pmd-doc-7.11.0/pmd_rules_apex_codestyle.html#ifstmtsmustusebraces","Code Style","pmd"
"283","3","G:\Temp_data\Data Seed\DBT-Data-Seeding\force-app\main\default\classes\ExternalOrgDescribeService.cls","286","17","IfElseStmtsMustUseBraces","Avoid using if...else statements without curly braces","https://docs.pmd-code.org/pmd-doc-7.11.0/pmd_rules_apex_codestyle.html#ifelsestmtsmustusebraces","Code Style","pmd"
"284","3","G:\Temp_data\Data Seed\DBT-Data-Seeding\force-app\main\default\classes\ExternalOrgDescribeService.cls","290","11","AvoidDeeplyNestedIfStmts","Deeply nested if..then statements are hard to read","https://docs.pmd-code.org/pmd-doc-7.11.0/pmd_rules_apex_design.html#avoiddeeplynestedifstmts","Design","pmd"
"285","3","G:\Temp_data\Data Seed\DBT-Data-Seeding\force-app\main\default\classes\ExternalOrgDescribeService.cls","311","5","AvoidDebugStatements","Avoid debug statements since they impact on performance","https://docs.pmd-code.org/pmd-doc-7.11.0/pmd_rules_apex_performance.html#avoiddebugstatements","Performance","pmd"
"286","3","G:\Temp_data\Data Seed\DBT-Data-Seeding\force-app\main\default\classes\ExternalOrgDescribeService.cls","311","5","DebugsShouldUseLoggingLevel","Calls to System.debug should specify a logging level.","https://docs.pmd-code.org/pmd-doc-7.11.0/pmd_rules_apex_bestpractices.html#debugsshoulduselogginglevel","Best Practices","pmd"
"287","3","G:\Temp_data\Data Seed\DBT-Data-Seeding\force-app\main\default\classes\ExternalOrgDescribeService.cls","327","18","CognitiveComplexity","The method 'sendBatchRequest(String, String, List<String>)' has a cognitive complexity of 15, current threshold is 15","https://docs.pmd-code.org/pmd-doc-7.11.0/pmd_rules_apex_design.html#cognitivecomplexity","Design","pmd"
"288","3","G:\Temp_data\Data Seed\DBT-Data-Seeding\force-app\main\default\classes\ExternalOrgDescribeService.cls","347","23","ApexSuggestUsingNamedCred","Suggest named credentials for authentication","https://docs.pmd-code.org/pmd-doc-7.11.0/pmd_rules_apex_security.html#apexsuggestusingnamedcred","Security","pmd"
"289","3","G:\Temp_data\Data Seed\DBT-Data-Seeding\force-app\main\default\classes\ExternalOrgDescribeService.cls","365","11","AvoidDeeplyNestedIfStmts","Deeply nested if..then statements are hard to read","https://docs.pmd-code.org/pmd-doc-7.11.0/pmd_rules_apex_design.html#avoiddeeplynestedifstmts","Design","pmd"
"290","3","G:\Temp_data\Data Seed\DBT-Data-Seeding\force-app\main\default\classes\ExternalOrgDescribeService.cls","371","13","AvoidDebugStatements","Avoid debug statements since they impact on performance","https://docs.pmd-code.org/pmd-doc-7.11.0/pmd_rules_apex_performance.html#avoiddebugstatements","Performance","pmd"
"291","3","G:\Temp_data\Data Seed\DBT-Data-Seeding\force-app\main\default\classes\ExternalOrgDescribeService.cls","371","13","DebugsShouldUseLoggingLevel","Calls to System.debug should specify a logging level.","https://docs.pmd-code.org/pmd-doc-7.11.0/pmd_rules_apex_bestpractices.html#debugsshoulduselogginglevel","Best Practices","pmd"
"292","3","G:\Temp_data\Data Seed\DBT-Data-Seeding\force-app\main\default\classes\ExternalOrgDescribeService.cls","379","7","AvoidDebugStatements","Avoid debug statements since they impact on performance","https://docs.pmd-code.org/pmd-doc-7.11.0/pmd_rules_apex_performance.html#avoiddebugstatements","Performance","pmd"
"293","3","G:\Temp_data\Data Seed\DBT-Data-Seeding\force-app\main\default\classes\ExternalOrgDescribeService.cls","379","7","DebugsShouldUseLoggingLevel","Calls to System.debug should specify a logging level.","https://docs.pmd-code.org/pmd-doc-7.11.0/pmd_rules_apex_bestpractices.html#debugsshoulduselogginglevel","Best Practices","pmd"
"294","3","G:\Temp_data\Data Seed\DBT-Data-Seeding\force-app\main\default\classes\ExternalOrgDescribeService.cls","383","18","ExcessiveParameterList","Avoid long parameter lists.","https://docs.pmd-code.org/pmd-doc-7.11.0/pmd_rules_apex_design.html#excessiveparameterlist","Design","pmd"
"295","3","G:\Temp_data\Data Seed\DBT-Data-Seeding\force-app\main\default\classes\ExternalOrgDescribeService.cls","383","18","StdCyclomaticComplexity","The method 'buildDependencyTree' has a Standard Cyclomatic Complexity of 17.","https://docs.pmd-code.org/pmd-doc-7.11.0/pmd_rules_apex_design.html#stdcyclomaticcomplexity","Design","pmd"
"296","3","G:\Temp_data\Data Seed\DBT-Data-Seeding\force-app\main\default\classes\ExternalOrgDescribeService.cls","383","18","NcssMethodCount","The method 'buildDependencyTree()' has an NCSS line count of 73 (limit: 40)","https://docs.pmd-code.org/pmd-doc-7.11.0/pmd_rules_apex_design.html#ncssmethodcount","Design","pmd"
"297","3","G:\Temp_data\Data Seed\DBT-Data-Seeding\force-app\main\default\classes\ExternalOrgDescribeService.cls","383","18","CognitiveComplexity","The method 'buildDependencyTree(String, String, String, Set<String>, Integer, Set<String>, Integer)' has a cognitive complexity of 66, current threshold is 15","https://docs.pmd-code.org/pmd-doc-7.11.0/pmd_rules_apex_design.html#cognitivecomplexity","Design","pmd"
"298","3","G:\Temp_data\Data Seed\DBT-Data-Seeding\force-app\main\default\classes\ExternalOrgDescribeService.cls","383","18","CyclomaticComplexity","The method 'buildDependencyTree(String, String, String, Set<String>, Integer, Set<String>, Integer)' has a cyclomatic complexity of 25.","https://docs.pmd-code.org/pmd-doc-7.11.0/pmd_rules_apex_design.html#cyclomaticcomplexity","Design","pmd"
"299","3","G:\Temp_data\Data Seed\DBT-Data-Seeding\force-app\main\default\classes\ExternalOrgDescribeService.cls","393","7","IfStmtsMustUseBraces","Avoid using if statements without curly braces","https://docs.pmd-code.org/pmd-doc-7.11.0/pmd_rules_apex_codestyle.html#ifstmtsmustusebraces","Code Style","pmd"
"300","3","G:\Temp_data\Data Seed\DBT-Data-Seeding\force-app\main\default\classes\ExternalOrgDescribeService.cls","393","7","IfElseStmtsMustUseBraces","Avoid using if...else statements without curly braces","https://docs.pmd-code.org/pmd-doc-7.11.0/pmd_rules_apex_codestyle.html#ifelsestmtsmustusebraces","Code Style","pmd"
"301","3","G:\Temp_data\Data Seed\DBT-Data-Seeding\force-app\main\default\classes\ExternalOrgDescribeService.cls","395","7","IfStmtsMustUseBraces","Avoid using if statements without curly braces","https://docs.pmd-code.org/pmd-doc-7.11.0/pmd_rules_apex_codestyle.html#ifstmtsmustusebraces","Code Style","pmd"
"302","3","G:\Temp_data\Data Seed\DBT-Data-Seeding\force-app\main\default\classes\ExternalOrgDescribeService.cls","395","7","IfElseStmtsMustUseBraces","Avoid using if...else statements without curly braces","https://docs.pmd-code.org/pmd-doc-7.11.0/pmd_rules_apex_codestyle.html#ifelsestmtsmustusebraces","Code Style","pmd"
"303","3","G:\Temp_data\Data Seed\DBT-Data-Seeding\force-app\main\default\classes\ExternalOrgDescribeService.cls","397","7","IfStmtsMustUseBraces","Avoid using if statements without curly braces","https://docs.pmd-code.org/pmd-doc-7.11.0/pmd_rules_apex_codestyle.html#ifstmtsmustusebraces","Code Style","pmd"
"304","3","G:\Temp_data\Data Seed\DBT-Data-Seeding\force-app\main\default\classes\ExternalOrgDescribeService.cls","397","7","IfElseStmtsMustUseBraces","Avoid using if...else statements without curly braces","https://docs.pmd-code.org/pmd-doc-7.11.0/pmd_rules_apex_codestyle.html#ifelsestmtsmustusebraces","Code Style","pmd"
"305","3","G:\Temp_data\Data Seed\DBT-Data-Seeding\force-app\main\default\classes\ExternalOrgDescribeService.cls","412","9","AvoidDebugStatements","Avoid debug statements since they impact on performance","https://docs.pmd-code.org/pmd-doc-7.11.0/pmd_rules_apex_performance.html#avoiddebugstatements","Performance","pmd"
"306","3","G:\Temp_data\Data Seed\DBT-Data-Seeding\force-app\main\default\classes\ExternalOrgDescribeService.cls","412","9","DebugsShouldUseLoggingLevel","Calls to System.debug should specify a logging level.","https://docs.pmd-code.org/pmd-doc-7.11.0/pmd_rules_apex_bestpractices.html#debugsshoulduselogginglevel","Best Practices","pmd"
"307","5","G:\Temp_data\Data Seed\DBT-Data-Seeding\force-app\main\default\classes\ExternalOrgDescribeService.cls","416","20","UnusedLocalVariable","Variable 'childRels' defined but not used","https://docs.pmd-code.org/pmd-doc-7.11.0/pmd_rules_apex_bestpractices.html#unusedlocalvariable","Best Practices","pmd"
"308","3","G:\Temp_data\Data Seed\DBT-Data-Seeding\force-app\main\default\classes\ExternalOrgDescribeService.cls","437","13","AvoidDeeplyNestedIfStmts","Deeply nested if..then statements are hard to read","https://docs.pmd-code.org/pmd-doc-7.11.0/pmd_rules_apex_design.html#avoiddeeplynestedifstmts","Design","pmd"
"309","3","G:\Temp_data\Data Seed\DBT-Data-Seeding\force-app\main\default\classes\ExternalOrgDescribeService.cls","438","15","IfStmtsMustUseBraces","Avoid using if statements without curly braces","https://docs.pmd-code.org/pmd-doc-7.11.0/pmd_rules_apex_codestyle.html#ifstmtsmustusebraces","Code Style","pmd"
"310","3","G:\Temp_data\Data Seed\DBT-Data-Seeding\force-app\main\default\classes\ExternalOrgDescribeService.cls","438","15","IfElseStmtsMustUseBraces","Avoid using if...else statements without curly braces","https://docs.pmd-code.org/pmd-doc-7.11.0/pmd_rules_apex_codestyle.html#ifelsestmtsmustusebraces","Code Style","pmd"
"311","3","G:\Temp_data\Data Seed\DBT-Data-Seeding\force-app\main\default\classes\ExternalOrgDescribeService.cls","442","15","AvoidDeeplyNestedIfStmts","Deeply nested if..then statements are hard to read","https://docs.pmd-code.org/pmd-doc-7.11.0/pmd_rules_apex_design.html#avoiddeeplynestedifstmts","Design","pmd"
"312","3","G:\Temp_data\Data Seed\DBT-Data-Seeding\force-app\main\default\classes\ExternalOrgDescribeService.cls","446","17","IfStmtsMustUseBraces","Avoid using if statements without curly braces","https://docs.pmd-code.org/pmd-doc-7.11.0/pmd_rules_apex_codestyle.html#ifstmtsmustusebraces","Code Style","pmd"
"313","3","G:\Temp_data\Data Seed\DBT-Data-Seeding\force-app\main\default\classes\ExternalOrgDescribeService.cls","446","17","IfElseStmtsMustUseBraces","Avoid using if...else statements without curly braces","https://docs.pmd-code.org/pmd-doc-7.11.0/pmd_rules_apex_codestyle.html#ifelsestmtsmustusebraces","Code Style","pmd"
"314","3","G:\Temp_data\Data Seed\DBT-Data-Seeding\force-app\main\default\classes\ExternalOrgDescribeService.cls","458","15","AvoidDeeplyNestedIfStmts","Deeply nested if..then statements are hard to read","https://docs.pmd-code.org/pmd-doc-7.11.0/pmd_rules_apex_design.html#avoiddeeplynestedifstmts","Design","pmd"
"315","3","G:\Temp_data\Data Seed\DBT-Data-Seeding\force-app\main\default\classes\ExternalOrgDescribeService.cls","461","17","AvoidDeeplyNestedIfStmts","Deeply nested if..then statements are hard to read","https://docs.pmd-code.org/pmd-doc-7.11.0/pmd_rules_apex_design.html#avoiddeeplynestedifstmts","Design","pmd"
"316","3","G:\Temp_data\Data Seed\DBT-Data-Seeding\force-app\main\default\classes\ExternalOrgDescribeService.cls","464","19","AvoidDeeplyNestedIfStmts","Deeply nested if..then statements are hard to read","https://docs.pmd-code.org/pmd-doc-7.11.0/pmd_rules_apex_design.html#avoiddeeplynestedifstmts","Design","pmd"
"317","3","G:\Temp_data\Data Seed\DBT-Data-Seeding\force-app\main\default\classes\ExternalOrgDescribeService.cls","465","21","IfStmtsMustUseBraces","Avoid using if statements without curly braces","https://docs.pmd-code.org/pmd-doc-7.11.0/pmd_rules_apex_codestyle.html#ifstmtsmustusebraces","Code Style","pmd"
"318","3","G:\Temp_data\Data Seed\DBT-Data-Seeding\force-app\main\default\classes\ExternalOrgDescribeService.cls","465","21","IfElseStmtsMustUseBraces","Avoid using if...else statements without curly braces","https://docs.pmd-code.org/pmd-doc-7.11.0/pmd_rules_apex_codestyle.html#ifelsestmtsmustusebraces","Code Style","pmd"
"319","3","G:\Temp_data\Data Seed\DBT-Data-Seeding\force-app\main\default\classes\ExternalOrgDescribeService.cls","469","15","AvoidDeeplyNestedIfStmts","Deeply nested if..then statements are hard to read","https://docs.pmd-code.org/pmd-doc-7.11.0/pmd_rules_apex_design.html#avoiddeeplynestedifstmts","Design","pmd"
"320","3","G:\Temp_data\Data Seed\DBT-Data-Seeding\force-app\main\default\classes\ExternalOrgDescribeService.cls","470","17","IfStmtsMustUseBraces","Avoid using if statements without curly braces","https://docs.pmd-code.org/pmd-doc-7.11.0/pmd_rules_apex_codestyle.html#ifstmtsmustusebraces","Code Style","pmd"
"321","3","G:\Temp_data\Data Seed\DBT-Data-Seeding\force-app\main\default\classes\ExternalOrgDescribeService.cls","470","17","IfElseStmtsMustUseBraces","Avoid using if...else statements without curly braces","https://docs.pmd-code.org/pmd-doc-7.11.0/pmd_rules_apex_codestyle.html#ifelsestmtsmustusebraces","Code Style","pmd"
"322","3","G:\Temp_data\Data Seed\DBT-Data-Seeding\force-app\main\default\classes\ExternalOrgDescribeService.cls","481","15","AvoidDeeplyNestedIfStmts","Deeply nested if..then statements are hard to read","https://docs.pmd-code.org/pmd-doc-7.11.0/pmd_rules_apex_design.html#avoiddeeplynestedifstmts","Design","pmd"
"323","3","G:\Temp_data\Data Seed\DBT-Data-Seeding\force-app\main\default\classes\ExternalOrgDescribeService.cls","492","7","AvoidDebugStatements","Avoid debug statements since they impact on performance","https://docs.pmd-code.org/pmd-doc-7.11.0/pmd_rules_apex_performance.html#avoiddebugstatements","Performance","pmd"
"324","3","G:\Temp_data\Data Seed\DBT-Data-Seeding\force-app\main\default\classes\ExternalOrgDescribeService.cls","492","7","DebugsShouldUseLoggingLevel","Calls to System.debug should specify a logging level.","https://docs.pmd-code.org/pmd-doc-7.11.0/pmd_rules_apex_bestpractices.html#debugsshoulduselogginglevel","Best Practices","pmd"
"325","3","G:\Temp_data\Data Seed\DBT-Data-Seeding\force-app\main\default\classes\ExternalOrgDescribeService.cls","510","7","IfStmtsMustUseBraces","Avoid using if statements without curly braces","https://docs.pmd-code.org/pmd-doc-7.11.0/pmd_rules_apex_codestyle.html#ifstmtsmustusebraces","Code Style","pmd"
"326","3","G:\Temp_data\Data Seed\DBT-Data-Seeding\force-app\main\default\classes\ExternalOrgDescribeService.cls","510","7","IfElseStmtsMustUseBraces","Avoid using if...else statements without curly braces","https://docs.pmd-code.org/pmd-doc-7.11.0/pmd_rules_apex_codestyle.html#ifelsestmtsmustusebraces","Code Style","pmd"
"327","3","G:\Temp_data\Data Seed\DBT-Data-Seeding\force-app\main\default\classes\ExternalOrgDescribeService.cls","520","23","ApexSuggestUsingNamedCred","Suggest named credentials for authentication","https://docs.pmd-code.org/pmd-doc-7.11.0/pmd_rules_apex_security.html#apexsuggestusingnamedcred","Security","pmd"
"328","3","G:\Temp_data\Data Seed\DBT-Data-Seeding\force-app\main\default\classes\ExternalOrgDescribeService.cls","527","7","AvoidDebugStatements","Avoid debug statements since they impact on performance","https://docs.pmd-code.org/pmd-doc-7.11.0/pmd_rules_apex_performance.html#avoiddebugstatements","Performance","pmd"
"329","3","G:\Temp_data\Data Seed\DBT-Data-Seeding\force-app\main\default\classes\ExternalOrgDescribeService.cls","527","7","DebugsShouldUseLoggingLevel","Calls to System.debug should specify a logging level.","https://docs.pmd-code.org/pmd-doc-7.11.0/pmd_rules_apex_bestpractices.html#debugsshoulduselogginglevel","Best Practices","pmd"
"330","3","G:\Temp_data\Data Seed\DBT-Data-Seeding\force-app\main\default\classes\ExternalOrgDescribeService.cls","541","17","ApexDoc","Missing ApexDoc comment","https://docs.pmd-code.org/pmd-doc-7.11.0/pmd_rules_apex_documentation.html#apexdoc","Documentation","pmd"
"331","3","G:\Temp_data\Data Seed\DBT-Data-Seeding\force-app\main\default\classes\ExternalOrgDescribeService.cls","541","17","CyclomaticComplexity","The method 'getRequiredFields(String, String, String)' has a cyclomatic complexity of 12.","https://docs.pmd-code.org/pmd-doc-7.11.0/pmd_rules_apex_design.html#cyclomaticcomplexity","Design","pmd"
"332","3","G:\Temp_data\Data Seed\DBT-Data-Seeding\force-app\main\default\classes\ExternalOrgDescribeService.cls","573","13","AvoidDeeplyNestedIfStmts","Deeply nested if..then statements are hard to read","https://docs.pmd-code.org/pmd-doc-7.11.0/pmd_rules_apex_design.html#avoiddeeplynestedifstmts","Design","pmd"
"333","3","G:\Temp_data\Data Seed\DBT-Data-Seeding\force-app\main\default\classes\ExternalOrgDescribeService.cls","581","7","AvoidDebugStatements","Avoid debug statements since they impact on performance","https://docs.pmd-code.org/pmd-doc-7.11.0/pmd_rules_apex_performance.html#avoiddebugstatements","Performance","pmd"
"334","3","G:\Temp_data\Data Seed\DBT-Data-Seeding\force-app\main\default\classes\ExternalOrgDescribeService.cls","581","7","DebugsShouldUseLoggingLevel","Calls to System.debug should specify a logging level.","https://docs.pmd-code.org/pmd-doc-7.11.0/pmd_rules_apex_bestpractices.html#debugsshoulduselogginglevel","Best Practices","pmd"
"335","3","G:\Temp_data\Data Seed\DBT-Data-Seeding\force-app\main\default\classes\ExternalOrgDescribeService.cls","586","17","ApexDoc","Missing ApexDoc comment","https://docs.pmd-code.org/pmd-doc-7.11.0/pmd_rules_apex_documentation.html#apexdoc","Documentation","pmd"
"336","3","G:\Temp_data\Data Seed\DBT-Data-Seeding\force-app\main\default\classes\ExternalOrgDescribeService.cls","586","17","StdCyclomaticComplexity","The method 'getCreateableFields' has a Standard Cyclomatic Complexity of 14.","https://docs.pmd-code.org/pmd-doc-7.11.0/pmd_rules_apex_design.html#stdcyclomaticcomplexity","Design","pmd"
"337","3","G:\Temp_data\Data Seed\DBT-Data-Seeding\force-app\main\default\classes\ExternalOrgDescribeService.cls","586","17","NcssMethodCount","The method 'getCreateableFields()' has an NCSS line count of 61 (limit: 40)","https://docs.pmd-code.org/pmd-doc-7.11.0/pmd_rules_apex_design.html#ncssmethodcount","Design","pmd"
"338","3","G:\Temp_data\Data Seed\DBT-Data-Seeding\force-app\main\default\classes\ExternalOrgDescribeService.cls","586","17","CognitiveComplexity","The method 'getCreateableFields(String, String, List<String>)' has a cognitive complexity of 36, current threshold is 15","https://docs.pmd-code.org/pmd-doc-7.11.0/pmd_rules_apex_design.html#cognitivecomplexity","Design","pmd"
"339","3","G:\Temp_data\Data Seed\DBT-Data-Seeding\force-app\main\default\classes\ExternalOrgDescribeService.cls","586","17","CyclomaticComplexity","The method 'getCreateableFields(String, String, List<String>)' has a cyclomatic complexity of 25.","https://docs.pmd-code.org/pmd-doc-7.11.0/pmd_rules_apex_design.html#cyclomaticcomplexity","Design","pmd"
"340","3","G:\Temp_data\Data Seed\DBT-Data-Seeding\force-app\main\default\classes\ExternalOrgDescribeService.cls","602","11","IfStmtsMustUseBraces","Avoid using if statements without curly braces","https://docs.pmd-code.org/pmd-doc-7.11.0/pmd_rules_apex_codestyle.html#ifstmtsmustusebraces","Code Style","pmd"
"341","3","G:\Temp_data\Data Seed\DBT-Data-Seeding\force-app\main\default\classes\ExternalOrgDescribeService.cls","602","11","IfElseStmtsMustUseBraces","Avoid using if...else statements without curly braces","https://docs.pmd-code.org/pmd-doc-7.11.0/pmd_rules_apex_codestyle.html#ifelsestmtsmustusebraces","Code Style","pmd"
"342","3","G:\Temp_data\Data Seed\DBT-Data-Seeding\force-app\main\default\classes\ExternalOrgDescribeService.cls","609","11","IfStmtsMustUseBraces","Avoid using if statements without curly braces","https://docs.pmd-code.org/pmd-doc-7.11.0/pmd_rules_apex_codestyle.html#ifstmtsmustusebraces","Code Style","pmd"
"343","3","G:\Temp_data\Data Seed\DBT-Data-Seeding\force-app\main\default\classes\ExternalOrgDescribeService.cls","609","11","IfElseStmtsMustUseBraces","Avoid using if...else statements without curly braces","https://docs.pmd-code.org/pmd-doc-7.11.0/pmd_rules_apex_codestyle.html#ifelsestmtsmustusebraces","Code Style","pmd"
"344","3","G:\Temp_data\Data Seed\DBT-Data-Seeding\force-app\main\default\classes\ExternalOrgDescribeService.cls","654","7","AvoidDebugStatements","Avoid debug statements since they impact on performance","https://docs.pmd-code.org/pmd-doc-7.11.0/pmd_rules_apex_performance.html#avoiddebugstatements","Performance","pmd"
"345","3","G:\Temp_data\Data Seed\DBT-Data-Seeding\force-app\main\default\classes\ExternalOrgDescribeService.cls","654","7","DebugsShouldUseLoggingLevel","Calls to System.debug should specify a logging level.","https://docs.pmd-code.org/pmd-doc-7.11.0/pmd_rules_apex_bestpractices.html#debugsshoulduselogginglevel","Best Practices","pmd"
"346","3","G:\Temp_data\Data Seed\DBT-Data-Seeding\force-app\main\default\classes\ExternalOrgDescribeService.cls","661","17","ApexDoc","Missing ApexDoc comment","https://docs.pmd-code.org/pmd-doc-7.11.0/pmd_rules_apex_documentation.html#apexdoc","Documentation","pmd"
"347","3","G:\Temp_data\Data Seed\DBT-Data-Seeding\force-app\main\default\classes\ExternalOrgDescribeService.cls","674","17","ApexDoc","Missing ApexDoc comment","https://docs.pmd-code.org/pmd-doc-7.11.0/pmd_rules_apex_documentation.html#apexdoc","Documentation","pmd"
"348","3","G:\Temp_data\Data Seed\DBT-Data-Seeding\force-app\main\default\classes\ExternalOrgDescribeService.cls","674","17","CyclomaticComplexity","The method 'getObjectDependenciesCurrent(String, Integer, List<String>)' has a cyclomatic complexity of 10.","https://docs.pmd-code.org/pmd-doc-7.11.0/pmd_rules_apex_design.html#cyclomaticcomplexity","Design","pmd"
"349","3","G:\Temp_data\Data Seed\DBT-Data-Seeding\force-app\main\default\classes\ExternalOrgDescribeService.cls","684","9","IfStmtsMustUseBraces","Avoid using if statements without curly braces","https://docs.pmd-code.org/pmd-doc-7.11.0/pmd_rules_apex_codestyle.html#ifstmtsmustusebraces","Code Style","pmd"
"350","3","G:\Temp_data\Data Seed\DBT-Data-Seeding\force-app\main\default\classes\ExternalOrgDescribeService.cls","684","9","IfElseStmtsMustUseBraces","Avoid using if...else statements without curly braces","https://docs.pmd-code.org/pmd-doc-7.11.0/pmd_rules_apex_codestyle.html#ifelsestmtsmustusebraces","Code Style","pmd"
"351","3","G:\Temp_data\Data Seed\DBT-Data-Seeding\force-app\main\default\classes\ExternalOrgDescribeService.cls","686","9","IfStmtsMustUseBraces","Avoid using if statements without curly braces","https://docs.pmd-code.org/pmd-doc-7.11.0/pmd_rules_apex_codestyle.html#ifstmtsmustusebraces","Code Style","pmd"
"352","3","G:\Temp_data\Data Seed\DBT-Data-Seeding\force-app\main\default\classes\ExternalOrgDescribeService.cls","686","9","IfElseStmtsMustUseBraces","Avoid using if...else statements without curly braces","https://docs.pmd-code.org/pmd-doc-7.11.0/pmd_rules_apex_codestyle.html#ifelsestmtsmustusebraces","Code Style","pmd"
"353","3","G:\Temp_data\Data Seed\DBT-Data-Seeding\force-app\main\default\classes\ExternalOrgDescribeService.cls","692","11","IfStmtsMustUseBraces","Avoid using if statements without curly braces","https://docs.pmd-code.org/pmd-doc-7.11.0/pmd_rules_apex_codestyle.html#ifstmtsmustusebraces","Code Style","pmd"
"354","3","G:\Temp_data\Data Seed\DBT-Data-Seeding\force-app\main\default\classes\ExternalOrgDescribeService.cls","692","11","IfElseStmtsMustUseBraces","Avoid using if...else statements without curly braces","https://docs.pmd-code.org/pmd-doc-7.11.0/pmd_rules_apex_codestyle.html#ifelsestmtsmustusebraces","Code Style","pmd"
"355","3","G:\Temp_data\Data Seed\DBT-Data-Seeding\force-app\main\default\classes\ExternalOrgDescribeService.cls","703","7","AvoidDebugStatements","Avoid debug statements since they impact on performance","https://docs.pmd-code.org/pmd-doc-7.11.0/pmd_rules_apex_performance.html#avoiddebugstatements","Performance","pmd"
"356","3","G:\Temp_data\Data Seed\DBT-Data-Seeding\force-app\main\default\classes\ExternalOrgDescribeService.cls","703","7","DebugsShouldUseLoggingLevel","Calls to System.debug should specify a logging level.","https://docs.pmd-code.org/pmd-doc-7.11.0/pmd_rules_apex_bestpractices.html#debugsshoulduselogginglevel","Best Practices","pmd"
"357","3","G:\Temp_data\Data Seed\DBT-Data-Seeding\force-app\main\default\classes\ExternalOrgDescribeService.cls","710","18","ExcessiveParameterList","Avoid long parameter lists.","https://docs.pmd-code.org/pmd-doc-7.11.0/pmd_rules_apex_design.html#excessiveparameterlist","Design","pmd"
"358","3","G:\Temp_data\Data Seed\DBT-Data-Seeding\force-app\main\default\classes\ExternalOrgDescribeService.cls","710","18","StdCyclomaticComplexity","The method 'buildDependencyTreeCurrent' has a Standard Cyclomatic Complexity of 16.","https://docs.pmd-code.org/pmd-doc-7.11.0/pmd_rules_apex_design.html#stdcyclomaticcomplexity","Design","pmd"
"359","3","G:\Temp_data\Data Seed\DBT-Data-Seeding\force-app\main\default\classes\ExternalOrgDescribeService.cls","710","18","NcssMethodCount","The method 'buildDependencyTreeCurrent()' has an NCSS line count of 70 (limit: 40)","https://docs.pmd-code.org/pmd-doc-7.11.0/pmd_rules_apex_design.html#ncssmethodcount","Design","pmd"
"360","3","G:\Temp_data\Data Seed\DBT-Data-Seeding\force-app\main\default\classes\ExternalOrgDescribeService.cls","710","18","CognitiveComplexity","The method 'buildDependencyTreeCurrent(String, Set<String>, Integer, Set<String>, Integer)' has a cognitive complexity of 81, current threshold is 15","https://docs.pmd-code.org/pmd-doc-7.11.0/pmd_rules_apex_design.html#cognitivecomplexity","Design","pmd"
"361","3","G:\Temp_data\Data Seed\DBT-Data-Seeding\force-app\main\default\classes\ExternalOrgDescribeService.cls","710","18","CyclomaticComplexity","The method 'buildDependencyTreeCurrent(String, Set<String>, Integer, Set<String>, Integer)' has a cyclomatic complexity of 22.","https://docs.pmd-code.org/pmd-doc-7.11.0/pmd_rules_apex_design.html#cyclomaticcomplexity","Design","pmd"
"362","3","G:\Temp_data\Data Seed\DBT-Data-Seeding\force-app\main\default\classes\ExternalOrgDescribeService.cls","722","7","IfStmtsMustUseBraces","Avoid using if statements without curly braces","https://docs.pmd-code.org/pmd-doc-7.11.0/pmd_rules_apex_codestyle.html#ifstmtsmustusebraces","Code Style","pmd"
"363","3","G:\Temp_data\Data Seed\DBT-Data-Seeding\force-app\main\default\classes\ExternalOrgDescribeService.cls","722","7","IfElseStmtsMustUseBraces","Avoid using if...else statements without curly braces","https://docs.pmd-code.org/pmd-doc-7.11.0/pmd_rules_apex_codestyle.html#ifelsestmtsmustusebraces","Code Style","pmd"
"364","3","G:\Temp_data\Data Seed\DBT-Data-Seeding\force-app\main\default\classes\ExternalOrgDescribeService.cls","728","9","IfStmtsMustUseBraces","Avoid using if statements without curly braces","https://docs.pmd-code.org/pmd-doc-7.11.0/pmd_rules_apex_codestyle.html#ifstmtsmustusebraces","Code Style","pmd"
"365","3","G:\Temp_data\Data Seed\DBT-Data-Seeding\force-app\main\default\classes\ExternalOrgDescribeService.cls","728","9","IfElseStmtsMustUseBraces","Avoid using if...else statements without curly braces","https://docs.pmd-code.org/pmd-doc-7.11.0/pmd_rules_apex_codestyle.html#ifelsestmtsmustusebraces","Code Style","pmd"
"366","3","G:\Temp_data\Data Seed\DBT-Data-Seeding\force-app\main\default\classes\ExternalOrgDescribeService.cls","739","13","IfStmtsMustUseBraces","Avoid using if statements without curly braces","https://docs.pmd-code.org/pmd-doc-7.11.0/pmd_rules_apex_codestyle.html#ifstmtsmustusebraces","Code Style","pmd"
"367","3","G:\Temp_data\Data Seed\DBT-Data-Seeding\force-app\main\default\classes\ExternalOrgDescribeService.cls","739","13","IfElseStmtsMustUseBraces","Avoid using if...else statements without curly braces","https://docs.pmd-code.org/pmd-doc-7.11.0/pmd_rules_apex_codestyle.html#ifelsestmtsmustusebraces","Code Style","pmd"
"368","3","G:\Temp_data\Data Seed\DBT-Data-Seeding\force-app\main\default\classes\ExternalOrgDescribeService.cls","746","13","AvoidDeeplyNestedIfStmts","Deeply nested if..then statements are hard to read","https://docs.pmd-code.org/pmd-doc-7.11.0/pmd_rules_apex_design.html#avoiddeeplynestedifstmts","Design","pmd"
"369","3","G:\Temp_data\Data Seed\DBT-Data-Seeding\force-app\main\default\classes\ExternalOrgDescribeService.cls","775","25","IfStmtsMustUseBraces","Avoid using if statements without curly braces","https://docs.pmd-code.org/pmd-doc-7.11.0/pmd_rules_apex_codestyle.html#ifstmtsmustusebraces","Code Style","pmd"
"370","3","G:\Temp_data\Data Seed\DBT-Data-Seeding\force-app\main\default\classes\ExternalOrgDescribeService.cls","775","25","IfElseStmtsMustUseBraces","Avoid using if...else statements without curly braces","https://docs.pmd-code.org/pmd-doc-7.11.0/pmd_rules_apex_codestyle.html#ifelsestmtsmustusebraces","Code Style","pmd"
"371","3","G:\Temp_data\Data Seed\DBT-Data-Seeding\force-app\main\default\classes\ExternalOrgDescribeService.cls","780","21","IfStmtsMustUseBraces","Avoid using if statements without curly braces","https://docs.pmd-code.org/pmd-doc-7.11.0/pmd_rules_apex_codestyle.html#ifstmtsmustusebraces","Code Style","pmd"
"372","3","G:\Temp_data\Data Seed\DBT-Data-Seeding\force-app\main\default\classes\ExternalOrgDescribeService.cls","780","21","IfElseStmtsMustUseBraces","Avoid using if...else statements without curly braces","https://docs.pmd-code.org/pmd-doc-7.11.0/pmd_rules_apex_codestyle.html#ifelsestmtsmustusebraces","Code Style","pmd"
"373","3","G:\Temp_data\Data Seed\DBT-Data-Seeding\force-app\main\default\classes\ExternalOrgDescribeService.cls","801","7","AvoidDebugStatements","Avoid debug statements since they impact on performance","https://docs.pmd-code.org/pmd-doc-7.11.0/pmd_rules_apex_performance.html#avoiddebugstatements","Performance","pmd"
"374","3","G:\Temp_data\Data Seed\DBT-Data-Seeding\force-app\main\default\classes\ExternalOrgDescribeService.cls","801","7","DebugsShouldUseLoggingLevel","Calls to System.debug should specify a logging level.","https://docs.pmd-code.org/pmd-doc-7.11.0/pmd_rules_apex_bestpractices.html#debugsshoulduselogginglevel","Best Practices","pmd"
"375","3","G:\Temp_data\Data Seed\DBT-Data-Seeding\force-app\main\default\classes\ExternalOrgDescribeService.cls","813","17","ApexDoc","Missing ApexDoc comment","https://docs.pmd-code.org/pmd-doc-7.11.0/pmd_rules_apex_documentation.html#apexdoc","Documentation","pmd"
"376","3","G:\Temp_data\Data Seed\DBT-Data-Seeding\force-app\main\default\classes\ExternalOrgDescribeService.cls","813","17","StdCyclomaticComplexity","The method 'getCreateableFieldsCurrent' has a Standard Cyclomatic Complexity of 10.","https://docs.pmd-code.org/pmd-doc-7.11.0/pmd_rules_apex_design.html#stdcyclomaticcomplexity","Design","pmd"
"377","3","G:\Temp_data\Data Seed\DBT-Data-Seeding\force-app\main\default\classes\ExternalOrgDescribeService.cls","813","17","NcssMethodCount","The method 'getCreateableFieldsCurrent()' has an NCSS line count of 45 (limit: 40)","https://docs.pmd-code.org/pmd-doc-7.11.0/pmd_rules_apex_design.html#ncssmethodcount","Design","pmd"
"378","3","G:\Temp_data\Data Seed\DBT-Data-Seeding\force-app\main\default\classes\ExternalOrgDescribeService.cls","813","17","CognitiveComplexity","The method 'getCreateableFieldsCurrent(List<String>)' has a cognitive complexity of 23, current threshold is 15","https://docs.pmd-code.org/pmd-doc-7.11.0/pmd_rules_apex_design.html#cognitivecomplexity","Design","pmd"
"379","3","G:\Temp_data\Data Seed\DBT-Data-Seeding\force-app\main\default\classes\ExternalOrgDescribeService.cls","813","17","CyclomaticComplexity","The method 'getCreateableFieldsCurrent(List<String>)' has a cyclomatic complexity of 15.","https://docs.pmd-code.org/pmd-doc-7.11.0/pmd_rules_apex_design.html#cyclomaticcomplexity","Design","pmd"
"380","3","G:\Temp_data\Data Seed\DBT-Data-Seeding\force-app\main\default\classes\ExternalOrgDescribeService.cls","818","7","IfStmtsMustUseBraces","Avoid using if statements without curly braces","https://docs.pmd-code.org/pmd-doc-7.11.0/pmd_rules_apex_codestyle.html#ifstmtsmustusebraces","Code Style","pmd"
"381","3","G:\Temp_data\Data Seed\DBT-Data-Seeding\force-app\main\default\classes\ExternalOrgDescribeService.cls","818","7","IfElseStmtsMustUseBraces","Avoid using if...else statements without curly braces","https://docs.pmd-code.org/pmd-doc-7.11.0/pmd_rules_apex_codestyle.html#ifelsestmtsmustusebraces","Code Style","pmd"
"382","3","G:\Temp_data\Data Seed\DBT-Data-Seeding\force-app\main\default\classes\ExternalOrgDescribeService.cls","822","9","IfStmtsMustUseBraces","Avoid using if statements without curly braces","https://docs.pmd-code.org/pmd-doc-7.11.0/pmd_rules_apex_codestyle.html#ifstmtsmustusebraces","Code Style","pmd"
"383","3","G:\Temp_data\Data Seed\DBT-Data-Seeding\force-app\main\default\classes\ExternalOrgDescribeService.cls","822","9","IfElseStmtsMustUseBraces","Avoid using if...else statements without curly braces","https://docs.pmd-code.org/pmd-doc-7.11.0/pmd_rules_apex_codestyle.html#ifelsestmtsmustusebraces","Code Style","pmd"
"384","3","G:\Temp_data\Data Seed\DBT-Data-Seeding\force-app\main\default\classes\ExternalOrgDescribeService.cls","861","17","ApexDoc","Missing ApexDoc comment","https://docs.pmd-code.org/pmd-doc-7.11.0/pmd_rules_apex_documentation.html#apexdoc","Documentation","pmd"
"385","3","G:\Temp_data\Data Seed\DBT-Data-Seeding\force-app\main\default\classes\ExternalOrgDescribeService.cls","868","7","IfStmtsMustUseBraces","Avoid using if statements without curly braces","https://docs.pmd-code.org/pmd-doc-7.11.0/pmd_rules_apex_codestyle.html#ifstmtsmustusebraces","Code Style","pmd"
"386","3","G:\Temp_data\Data Seed\DBT-Data-Seeding\force-app\main\default\classes\ExternalOrgDescribeService.cls","868","7","IfElseStmtsMustUseBraces","Avoid using if...else statements without curly braces","https://docs.pmd-code.org/pmd-doc-7.11.0/pmd_rules_apex_codestyle.html#ifelsestmtsmustusebraces","Code Style","pmd"
"387","3","G:\Temp_data\Data Seed\DBT-Data-Seeding\force-app\main\default\classes\ExternalOrgDescribeService.cls","877","9","IfStmtsMustUseBraces","Avoid using if statements without curly braces","https://docs.pmd-code.org/pmd-doc-7.11.0/pmd_rules_apex_codestyle.html#ifstmtsmustusebraces","Code Style","pmd"
"388","3","G:\Temp_data\Data Seed\DBT-Data-Seeding\force-app\main\default\classes\ExternalOrgDescribeService.cls","877","9","IfElseStmtsMustUseBraces","Avoid using if...else statements without curly braces","https://docs.pmd-code.org/pmd-doc-7.11.0/pmd_rules_apex_codestyle.html#ifelsestmtsmustusebraces","Code Style","pmd"
"389","3","G:\Temp_data\Data Seed\DBT-Data-Seeding\force-app\main\default\classes\ExternalOrgDescribeService.cls","898","17","ApexDoc","Missing ApexDoc comment","https://docs.pmd-code.org/pmd-doc-7.11.0/pmd_rules_apex_documentation.html#apexdoc","Documentation","pmd"
"390","3","G:\Temp_data\Data Seed\DBT-Data-Seeding\force-app\main\default\classes\ExternalOrgDescribeService.cls","903","7","IfStmtsMustUseBraces","Avoid using if statements without curly braces","https://docs.pmd-code.org/pmd-doc-7.11.0/pmd_rules_apex_codestyle.html#ifstmtsmustusebraces","Code Style","pmd"
"391","3","G:\Temp_data\Data Seed\DBT-Data-Seeding\force-app\main\default\classes\ExternalOrgDescribeService.cls","903","7","IfElseStmtsMustUseBraces","Avoid using if...else statements without curly braces","https://docs.pmd-code.org/pmd-doc-7.11.0/pmd_rules_apex_codestyle.html#ifelsestmtsmustusebraces","Code Style","pmd"
"392","3","G:\Temp_data\Data Seed\DBT-Data-Seeding\force-app\main\default\classes\ExternalOrgDescribeService.cls","909","9","IfStmtsMustUseBraces","Avoid using if statements without curly braces","https://docs.pmd-code.org/pmd-doc-7.11.0/pmd_rules_apex_codestyle.html#ifstmtsmustusebraces","Code Style","pmd"
"393","3","G:\Temp_data\Data Seed\DBT-Data-Seeding\force-app\main\default\classes\ExternalOrgDescribeService.cls","909","9","IfElseStmtsMustUseBraces","Avoid using if...else statements without curly braces","https://docs.pmd-code.org/pmd-doc-7.11.0/pmd_rules_apex_codestyle.html#ifelsestmtsmustusebraces","Code Style","pmd"
"394","3","G:\Temp_data\Data Seed\DBT-Data-Seeding\force-app\main\default\classes\ExternalOrgDescribeService.cls","928","17","ApexDoc","Missing ApexDoc comment","https://docs.pmd-code.org/pmd-doc-7.11.0/pmd_rules_apex_documentation.html#apexdoc","Documentation","pmd"
"395","3","G:\Temp_data\Data Seed\DBT-Data-Seeding\force-app\main\default\classes\ExternalOrgDescribeService.cls","928","17","CyclomaticComplexity","The method 'getReferenceFields(String, String, String)' has a cyclomatic complexity of 10.","https://docs.pmd-code.org/pmd-doc-7.11.0/pmd_rules_apex_design.html#cyclomaticcomplexity","Design","pmd"
"396","3","G:\Temp_data\Data Seed\DBT-Data-Seeding\force-app\main\default\classes\ExternalOrgDescribeService.cls","936","9","IfStmtsMustUseBraces","Avoid using if statements without curly braces","https://docs.pmd-code.org/pmd-doc-7.11.0/pmd_rules_apex_codestyle.html#ifstmtsmustusebraces","Code Style","pmd"
"397","3","G:\Temp_data\Data Seed\DBT-Data-Seeding\force-app\main\default\classes\ExternalOrgDescribeService.cls","936","9","IfElseStmtsMustUseBraces","Avoid using if...else statements without curly braces","https://docs.pmd-code.org/pmd-doc-7.11.0/pmd_rules_apex_codestyle.html#ifelsestmtsmustusebraces","Code Style","pmd"
"398","3","G:\Temp_data\Data Seed\DBT-Data-Seeding\force-app\main\default\classes\ExternalOrgDescribeService.cls","944","9","IfStmtsMustUseBraces","Avoid using if statements without curly braces","https://docs.pmd-code.org/pmd-doc-7.11.0/pmd_rules_apex_codestyle.html#ifstmtsmustusebraces","Code Style","pmd"
"399","3","G:\Temp_data\Data Seed\DBT-Data-Seeding\force-app\main\default\classes\ExternalOrgDescribeService.cls","944","9","IfElseStmtsMustUseBraces","Avoid using if...else statements without curly braces","https://docs.pmd-code.org/pmd-doc-7.11.0/pmd_rules_apex_codestyle.html#ifelsestmtsmustusebraces","Code Style","pmd"
"400","3","G:\Temp_data\Data Seed\DBT-Data-Seeding\force-app\main\default\classes\ExternalOrgDescribeService.cls","970","7","AvoidDebugStatements","Avoid debug statements since they impact on performance","https://docs.pmd-code.org/pmd-doc-7.11.0/pmd_rules_apex_performance.html#avoiddebugstatements","Performance","pmd"
"401","3","G:\Temp_data\Data Seed\DBT-Data-Seeding\force-app\main\default\classes\ExternalOrgDescribeService.cls","970","7","DebugsShouldUseLoggingLevel","Calls to System.debug should specify a logging level.","https://docs.pmd-code.org/pmd-doc-7.11.0/pmd_rules_apex_bestpractices.html#debugsshoulduselogginglevel","Best Practices","pmd"
"402","3","G:\Temp_data\Data Seed\DBT-Data-Seeding\force-app\main\default\classes\ExternalOrgDmlService.cls","1","21","ApexDoc","Missing ApexDoc comment","https://docs.pmd-code.org/pmd-doc-7.11.0/pmd_rules_apex_documentation.html#apexdoc","Documentation","pmd"
"403","3","G:\Temp_data\Data Seed\DBT-Data-Seeding\force-app\main\default\classes\ExternalOrgDmlService.cls","1","21","StdCyclomaticComplexity","The class 'ExternalOrgDmlService' has a Standard Cyclomatic Complexity of 12 (Highest = 22).","https://docs.pmd-code.org/pmd-doc-7.11.0/pmd_rules_apex_design.html#stdcyclomaticcomplexity","Design","pmd"
"404","3","G:\Temp_data\Data Seed\DBT-Data-Seeding\force-app\main\default\classes\ExternalOrgDmlService.cls","1","21","CognitiveComplexity","The class 'ExternalOrgDmlService' has a total cognitive complexity of 174 (highest 61), current threshold is 50","https://docs.pmd-code.org/pmd-doc-7.11.0/pmd_rules_apex_design.html#cognitivecomplexity","Design","pmd"
"405","3","G:\Temp_data\Data Seed\DBT-Data-Seeding\force-app\main\default\classes\ExternalOrgDmlService.cls","1","21","CyclomaticComplexity","The class 'ExternalOrgDmlService' has a total cyclomatic complexity of 111 (highest 32).","https://docs.pmd-code.org/pmd-doc-7.11.0/pmd_rules_apex_design.html#cyclomaticcomplexity","Design","pmd"
"406","3","G:\Temp_data\Data Seed\DBT-Data-Seeding\force-app\main\default\classes\ExternalOrgDmlService.cls","2","10","ApexDoc","Missing ApexDoc comment","https://docs.pmd-code.org/pmd-doc-7.11.0/pmd_rules_apex_documentation.html#apexdoc","Documentation","pmd"
"407","3","G:\Temp_data\Data Seed\DBT-Data-Seeding\force-app\main\default\classes\ExternalOrgDmlService.cls","19","17","ApexDoc","Missing ApexDoc comment","https://docs.pmd-code.org/pmd-doc-7.11.0/pmd_rules_apex_documentation.html#apexdoc","Documentation","pmd"
"408","3","G:\Temp_data\Data Seed\DBT-Data-Seeding\force-app\main\default\classes\ExternalOrgDmlService.cls","19","17","StdCyclomaticComplexity","The method 'insertRecordsCurrent' has a Standard Cyclomatic Complexity of 20.","https://docs.pmd-code.org/pmd-doc-7.11.0/pmd_rules_apex_design.html#stdcyclomaticcomplexity","Design","pmd"
"409","3","G:\Temp_data\Data Seed\DBT-Data-Seeding\force-app\main\default\classes\ExternalOrgDmlService.cls","19","17","NcssMethodCount","The method 'insertRecordsCurrent()' has an NCSS line count of 82 (limit: 40)","https://docs.pmd-code.org/pmd-doc-7.11.0/pmd_rules_apex_design.html#ncssmethodcount","Design","pmd"
"410","3","G:\Temp_data\Data Seed\DBT-Data-Seeding\force-app\main\default\classes\ExternalOrgDmlService.cls","19","17","CognitiveComplexity","The method 'insertRecordsCurrent(String, List<Map<String, Object>>)' has a cognitive complexity of 45, current threshold is 15","https://docs.pmd-code.org/pmd-doc-7.11.0/pmd_rules_apex_design.html#cognitivecomplexity","Design","pmd"
"411","3","G:\Temp_data\Data Seed\DBT-Data-Seeding\force-app\main\default\classes\ExternalOrgDmlService.cls","19","17","CyclomaticComplexity","The method 'insertRecordsCurrent(String, List<Map<String, Object>>)' has a cyclomatic complexity of 28.","https://docs.pmd-code.org/pmd-doc-7.11.0/pmd_rules_apex_design.html#cyclomaticcomplexity","Design","pmd"
"412","3","G:\Temp_data\Data Seed\DBT-Data-Seeding\force-app\main\default\classes\ExternalOrgDmlService.cls","48","11","IfStmtsMustUseBraces","Avoid using if statements without curly braces","https://docs.pmd-code.org/pmd-doc-7.11.0/pmd_rules_apex_codestyle.html#ifstmtsmustusebraces","Code Style","pmd"
"413","3","G:\Temp_data\Data Seed\DBT-Data-Seeding\force-app\main\default\classes\ExternalOrgDmlService.cls","48","11","IfElseStmtsMustUseBraces","Avoid using if...else statements without curly braces","https://docs.pmd-code.org/pmd-doc-7.11.0/pmd_rules_apex_codestyle.html#ifelsestmtsmustusebraces","Code Style","pmd"
"414","3","G:\Temp_data\Data Seed\DBT-Data-Seeding\force-app\main\default\classes\ExternalOrgDmlService.cls","62","13","IfStmtsMustUseBraces","Avoid using if statements without curly braces","https://docs.pmd-code.org/pmd-doc-7.11.0/pmd_rules_apex_codestyle.html#ifstmtsmustusebraces","Code Style","pmd"
"415","3","G:\Temp_data\Data Seed\DBT-Data-Seeding\force-app\main\default\classes\ExternalOrgDmlService.cls","62","13","IfElseStmtsMustUseBraces","Avoid using if...else statements without curly braces","https://docs.pmd-code.org/pmd-doc-7.11.0/pmd_rules_apex_codestyle.html#ifelsestmtsmustusebraces","Code Style","pmd"
"416","3","G:\Temp_data\Data Seed\DBT-Data-Seeding\force-app\main\default\classes\ExternalOrgDmlService.cls","113","7","AvoidDebugStatements","Avoid debug statements since they impact on performance","https://docs.pmd-code.org/pmd-doc-7.11.0/pmd_rules_apex_performance.html#avoiddebugstatements","Performance","pmd"
"417","3","G:\Temp_data\Data Seed\DBT-Data-Seeding\force-app\main\default\classes\ExternalOrgDmlService.cls","113","7","DebugsShouldUseLoggingLevel","Calls to System.debug should specify a logging level.","https://docs.pmd-code.org/pmd-doc-7.11.0/pmd_rules_apex_bestpractices.html#debugsshoulduselogginglevel","Best Practices","pmd"
"418","3","G:\Temp_data\Data Seed\DBT-Data-Seeding\force-app\main\default\classes\ExternalOrgDmlService.cls","120","17","ApexDoc","Missing ApexDoc comment","https://docs.pmd-code.org/pmd-doc-7.11.0/pmd_rules_apex_documentation.html#apexdoc","Documentation","pmd"
"419","3","G:\Temp_data\Data Seed\DBT-Data-Seeding\force-app\main\default\classes\ExternalOrgDmlService.cls","120","17","StdCyclomaticComplexity","The method 'updateRecordsCurrent' has a Standard Cyclomatic Complexity of 21.","https://docs.pmd-code.org/pmd-doc-7.11.0/pmd_rules_apex_design.html#stdcyclomaticcomplexity","Design","pmd"
"420","3","G:\Temp_data\Data Seed\DBT-Data-Seeding\force-app\main\default\classes\ExternalOrgDmlService.cls","120","17","NcssMethodCount","The method 'updateRecordsCurrent()' has an NCSS line count of 88 (limit: 40)","https://docs.pmd-code.org/pmd-doc-7.11.0/pmd_rules_apex_design.html#ncssmethodcount","Design","pmd"
"421","3","G:\Temp_data\Data Seed\DBT-Data-Seeding\force-app\main\default\classes\ExternalOrgDmlService.cls","120","17","CognitiveComplexity","The method 'updateRecordsCurrent(String, List<Map<String, Object>>)' has a cognitive complexity of 45, current threshold is 15","https://docs.pmd-code.org/pmd-doc-7.11.0/pmd_rules_apex_design.html#cognitivecomplexity","Design","pmd"
"422","3","G:\Temp_data\Data Seed\DBT-Data-Seeding\force-app\main\default\classes\ExternalOrgDmlService.cls","120","17","CyclomaticComplexity","The method 'updateRecordsCurrent(String, List<Map<String, Object>>)' has a cyclomatic complexity of 29.","https://docs.pmd-code.org/pmd-doc-7.11.0/pmd_rules_apex_design.html#cyclomaticcomplexity","Design","pmd"
"423","3","G:\Temp_data\Data Seed\DBT-Data-Seeding\force-app\main\default\classes\ExternalOrgDmlService.cls","149","11","IfStmtsMustUseBraces","Avoid using if statements without curly braces","https://docs.pmd-code.org/pmd-doc-7.11.0/pmd_rules_apex_codestyle.html#ifstmtsmustusebraces","Code Style","pmd"
"424","3","G:\Temp_data\Data Seed\DBT-Data-Seeding\force-app\main\default\classes\ExternalOrgDmlService.cls","149","11","IfElseStmtsMustUseBraces","Avoid using if...else statements without curly braces","https://docs.pmd-code.org/pmd-doc-7.11.0/pmd_rules_apex_codestyle.html#ifelsestmtsmustusebraces","Code Style","pmd"
"425","3","G:\Temp_data\Data Seed\DBT-Data-Seeding\force-app\main\default\classes\ExternalOrgDmlService.cls","218","7","AvoidDebugStatements","Avoid debug statements since they impact on performance","https://docs.pmd-code.org/pmd-doc-7.11.0/pmd_rules_apex_performance.html#avoiddebugstatements","Performance","pmd"
"426","3","G:\Temp_data\Data Seed\DBT-Data-Seeding\force-app\main\default\classes\ExternalOrgDmlService.cls","218","7","DebugsShouldUseLoggingLevel","Calls to System.debug should specify a logging level.","https://docs.pmd-code.org/pmd-doc-7.11.0/pmd_rules_apex_bestpractices.html#debugsshoulduselogginglevel","Best Practices","pmd"
"427","3","G:\Temp_data\Data Seed\DBT-Data-Seeding\force-app\main\default\classes\ExternalOrgDmlService.cls","225","17","ExcessiveParameterList","Avoid long parameter lists.","https://docs.pmd-code.org/pmd-doc-7.11.0/pmd_rules_apex_design.html#excessiveparameterlist","Design","pmd"
"428","3","G:\Temp_data\Data Seed\DBT-Data-Seeding\force-app\main\default\classes\ExternalOrgDmlService.cls","225","17","ApexDoc","Missing ApexDoc comment","https://docs.pmd-code.org/pmd-doc-7.11.0/pmd_rules_apex_documentation.html#apexdoc","Documentation","pmd"
"429","3","G:\Temp_data\Data Seed\DBT-Data-Seeding\force-app\main\default\classes\ExternalOrgDmlService.cls","240","17","ExcessiveParameterList","Avoid long parameter lists.","https://docs.pmd-code.org/pmd-doc-7.11.0/pmd_rules_apex_design.html#excessiveparameterlist","Design","pmd"
"430","3","G:\Temp_data\Data Seed\DBT-Data-Seeding\force-app\main\default\classes\ExternalOrgDmlService.cls","240","17","ApexDoc","Missing ApexDoc comment","https://docs.pmd-code.org/pmd-doc-7.11.0/pmd_rules_apex_documentation.html#apexdoc","Documentation","pmd"
"431","3","G:\Temp_data\Data Seed\DBT-Data-Seeding\force-app\main\default\classes\ExternalOrgDmlService.cls","255","18","ExcessiveParameterList","Avoid long parameter lists.","https://docs.pmd-code.org/pmd-doc-7.11.0/pmd_rules_apex_design.html#excessiveparameterlist","Design","pmd"
"432","3","G:\Temp_data\Data Seed\DBT-Data-Seeding\force-app\main\default\classes\ExternalOrgDmlService.cls","264","7","IfStmtsMustUseBraces","Avoid using if statements without curly braces","https://docs.pmd-code.org/pmd-doc-7.11.0/pmd_rules_apex_codestyle.html#ifstmtsmustusebraces","Code Style","pmd"
"433","3","G:\Temp_data\Data Seed\DBT-Data-Seeding\force-app\main\default\classes\ExternalOrgDmlService.cls","264","7","IfElseStmtsMustUseBraces","Avoid using if...else statements without curly braces","https://docs.pmd-code.org/pmd-doc-7.11.0/pmd_rules_apex_codestyle.html#ifelsestmtsmustusebraces","Code Style","pmd"
"434","3","G:\Temp_data\Data Seed\DBT-Data-Seeding\force-app\main\default\classes\ExternalOrgDmlService.cls","277","18","ExcessiveParameterList","Avoid long parameter lists.","https://docs.pmd-code.org/pmd-doc-7.11.0/pmd_rules_apex_design.html#excessiveparameterlist","Design","pmd"
"435","3","G:\Temp_data\Data Seed\DBT-Data-Seeding\force-app\main\default\classes\ExternalOrgDmlService.cls","277","18","StdCyclomaticComplexity","The method 'sendBatch' has a Standard Cyclomatic Complexity of 22.","https://docs.pmd-code.org/pmd-doc-7.11.0/pmd_rules_apex_design.html#stdcyclomaticcomplexity","Design","pmd"
"436","3","G:\Temp_data\Data Seed\DBT-Data-Seeding\force-app\main\default\classes\ExternalOrgDmlService.cls","277","18","NcssMethodCount","The method 'sendBatch()' has an NCSS line count of 90 (limit: 40)","https://docs.pmd-code.org/pmd-doc-7.11.0/pmd_rules_apex_design.html#ncssmethodcount","Design","pmd"
"437","3","G:\Temp_data\Data Seed\DBT-Data-Seeding\force-app\main\default\classes\ExternalOrgDmlService.cls","277","18","CognitiveComplexity","The method 'sendBatch(String, String, String, List<Map<String, Object>>, String)' has a cognitive complexity of 61, current threshold is 15","https://docs.pmd-code.org/pmd-doc-7.11.0/pmd_rules_apex_design.html#cognitivecomplexity","Design","pmd"
"438","3","G:\Temp_data\Data Seed\DBT-Data-Seeding\force-app\main\default\classes\ExternalOrgDmlService.cls","277","18","CyclomaticComplexity","The method 'sendBatch(String, String, String, List<Map<String, Object>>, String)' has a cyclomatic complexity of 32.","https://docs.pmd-code.org/pmd-doc-7.11.0/pmd_rules_apex_design.html#cyclomaticcomplexity","Design","pmd"
"439","3","G:\Temp_data\Data Seed\DBT-Data-Seeding\force-app\main\default\classes\ExternalOrgDmlService.cls","296","9","IfStmtsMustUseBraces","Avoid using if statements without curly braces","https://docs.pmd-code.org/pmd-doc-7.11.0/pmd_rules_apex_codestyle.html#ifstmtsmustusebraces","Code Style","pmd"
"440","3","G:\Temp_data\Data Seed\DBT-Data-Seeding\force-app\main\default\classes\ExternalOrgDmlService.cls","296","9","IfElseStmtsMustUseBraces","Avoid using if...else statements without curly braces","https://docs.pmd-code.org/pmd-doc-7.11.0/pmd_rules_apex_codestyle.html#ifelsestmtsmustusebraces","Code Style","pmd"
"441","3","G:\Temp_data\Data Seed\DBT-Data-Seeding\force-app\main\default\classes\ExternalOrgDmlService.cls","344","21","ApexSuggestUsingNamedCred","Suggest named credentials for authentication","https://docs.pmd-code.org/pmd-doc-7.11.0/pmd_rules_apex_security.html#apexsuggestusingnamedcred","Security","pmd"
"442","3","G:\Temp_data\Data Seed\DBT-Data-Seeding\force-app\main\default\classes\ExternalOrgDmlService.cls","372","15","AvoidDeeplyNestedIfStmts","Deeply nested if..then statements are hard to read","https://docs.pmd-code.org/pmd-doc-7.11.0/pmd_rules_apex_design.html#avoiddeeplynestedifstmts","Design","pmd"
"443","3","G:\Temp_data\Data Seed\DBT-Data-Seeding\force-app\main\default\classes\ExternalOrgDmlService.cls","403","7","AvoidDebugStatements","Avoid debug statements since they impact on performance","https://docs.pmd-code.org/pmd-doc-7.11.0/pmd_rules_apex_performance.html#avoiddebugstatements","Performance","pmd"
"444","3","G:\Temp_data\Data Seed\DBT-Data-Seeding\force-app\main\default\classes\ExternalOrgDmlService.cls","403","7","DebugsShouldUseLoggingLevel","Calls to System.debug should specify a logging level.","https://docs.pmd-code.org/pmd-doc-7.11.0/pmd_rules_apex_bestpractices.html#debugsshoulduselogginglevel","Best Practices","pmd"
"445","3","G:\Temp_data\Data Seed\DBT-Data-Seeding\force-app\main\default\classes\ExternalOrgDmlService.cls","410","18","ExcessiveParameterList","Avoid long parameter lists.","https://docs.pmd-code.org/pmd-doc-7.11.0/pmd_rules_apex_design.html#excessiveparameterlist","Design","pmd"
"446","3","G:\Temp_data\Data Seed\DBT-Data-Seeding\force-app\main\default\classes\ExternalOrgDmlService.cls","410","18","StdCyclomaticComplexity","The method 'safePut' has a Standard Cyclomatic Complexity of 12.","https://docs.pmd-code.org/pmd-doc-7.11.0/pmd_rules_apex_design.html#stdcyclomaticcomplexity","Design","pmd"
"447","3","G:\Temp_data\Data Seed\DBT-Data-Seeding\force-app\main\default\classes\ExternalOrgDmlService.cls","410","18","CognitiveComplexity","The method 'safePut(SObject, String, Object, Map<String, Schema.SObjectField>)' has a cognitive complexity of 18, current threshold is 15","https://docs.pmd-code.org/pmd-doc-7.11.0/pmd_rules_apex_design.html#cognitivecomplexity","Design","pmd"
"448","3","G:\Temp_data\Data Seed\DBT-Data-Seeding\force-app\main\default\classes\ExternalOrgDmlService.cls","410","18","CyclomaticComplexity","The method 'safePut(SObject, String, Object, Map<String, Schema.SObjectField>)' has a cyclomatic complexity of 15.","https://docs.pmd-code.org/pmd-doc-7.11.0/pmd_rules_apex_design.html#cyclomaticcomplexity","Design","pmd"
"449","3","G:\Temp_data\Data Seed\DBT-Data-Seeding\force-app\main\default\classes\ExternalOrgDmlService.cls","420","9","AvoidDebugStatements","Avoid debug statements since they impact on performance","https://docs.pmd-code.org/pmd-doc-7.11.0/pmd_rules_apex_performance.html#avoiddebugstatements","Performance","pmd"
"450","3","G:\Temp_data\Data Seed\DBT-Data-Seeding\force-app\main\default\classes\ExternalOrgDmlService.cls","434","9","AvoidDebugStatements","Avoid debug statements since they impact on performance","https://docs.pmd-code.org/pmd-doc-7.11.0/pmd_rules_apex_performance.html#avoiddebugstatements","Performance","pmd"
"451","3","G:\Temp_data\Data Seed\DBT-Data-Seeding\force-app\main\default\classes\ExternalOrgDmlService.cls","470","7","AvoidDebugStatements","Avoid debug statements since they impact on performance","https://docs.pmd-code.org/pmd-doc-7.11.0/pmd_rules_apex_performance.html#avoiddebugstatements","Performance","pmd"
"452","3","G:\Temp_data\Data Seed\DBT-Data-Seeding\force-app\main\default\classes\ExternalOrgDmlServiceTest.cls","10","20","AvoidHardcodingId","Hardcoding Ids is bound to break when changing environments.","https://docs.pmd-code.org/pmd-doc-7.11.0/pmd_rules_apex_errorprone.html#avoidhardcodingid","Error Prone","pmd"
"453","3","G:\Temp_data\Data Seed\DBT-Data-Seeding\force-app\main\default\classes\ExternalOrgDmlServiceTest.cls","20","7","ApexAssertionsShouldIncludeMessage","'System.assertEquals' should have 3 parameters.","https://docs.pmd-code.org/pmd-doc-7.11.0/pmd_rules_apex_bestpractices.html#apexassertionsshouldincludemessage","Best Practices","pmd"
"454","3","G:\Temp_data\Data Seed\DBT-Data-Seeding\force-app\main\default\classes\ExternalOrgDmlServiceTest.cls","21","7","ApexAssertionsShouldIncludeMessage","'System.assertEquals' should have 3 parameters.","https://docs.pmd-code.org/pmd-doc-7.11.0/pmd_rules_apex_bestpractices.html#apexassertionsshouldincludemessage","Best Practices","pmd"
"455","3","G:\Temp_data\Data Seed\DBT-Data-Seeding\force-app\main\default\classes\ExternalOrgDmlServiceTest.cls","22","7","ApexAssertionsShouldIncludeMessage","'System.assertNotEquals' should have 3 parameters.","https://docs.pmd-code.org/pmd-doc-7.11.0/pmd_rules_apex_bestpractices.html#apexassertionsshouldincludemessage","Best Practices","pmd"
"456","3","G:\Temp_data\Data Seed\DBT-Data-Seeding\force-app\main\default\classes\ExternalOrgDmlServiceTest.cls","23","7","ApexAssertionsShouldIncludeMessage","'System.assertEquals' should have 3 parameters.","https://docs.pmd-code.org/pmd-doc-7.11.0/pmd_rules_apex_bestpractices.html#apexassertionsshouldincludemessage","Best Practices","pmd"
"457","3","G:\Temp_data\Data Seed\DBT-Data-Seeding\force-app\main\default\classes\ExternalOrgDmlServiceTest.cls","23","27","AvoidHardcodingId","Hardcoding Ids is bound to break when changing environments.","https://docs.pmd-code.org/pmd-doc-7.11.0/pmd_rules_apex_errorprone.html#avoidhardcodingid","Error Prone","pmd"
"458","3","G:\Temp_data\Data Seed\DBT-Data-Seeding\force-app\main\default\classes\ExternalOrgDmlServiceTest.cls","55","5","ApexAssertionsShouldIncludeMessage","'System.assertEquals' should have 3 parameters.","https://docs.pmd-code.org/pmd-doc-7.11.0/pmd_rules_apex_bestpractices.html#apexassertionsshouldincludemessage","Best Practices","pmd"
"459","3","G:\Temp_data\Data Seed\DBT-Data-Seeding\force-app\main\default\classes\ExternalOrgDmlServiceTest.cls","56","5","ApexAssertionsShouldIncludeMessage","'System.assertEquals' should have 3 parameters.","https://docs.pmd-code.org/pmd-doc-7.11.0/pmd_rules_apex_bestpractices.html#apexassertionsshouldincludemessage","Best Practices","pmd"
"460","3","G:\Temp_data\Data Seed\DBT-Data-Seeding\force-app\main\default\classes\ExternalOrgDmlServiceTest.cls","57","5","ApexAssertionsShouldIncludeMessage","'System.assertEquals' should have 3 parameters.","https://docs.pmd-code.org/pmd-doc-7.11.0/pmd_rules_apex_bestpractices.html#apexassertionsshouldincludemessage","Best Practices","pmd"
"461","3","G:\Temp_data\Data Seed\DBT-Data-Seeding\force-app\main\default\classes\ExternalOrgDmlServiceTest.cls","61","10","ApexUnitTestClassShouldHaveAsserts","Apex unit tests should System.assert() or assertEquals() or assertNotEquals()","https://docs.pmd-code.org/pmd-doc-7.11.0/pmd_rules_apex_bestpractices.html#apexunittestclassshouldhaveasserts","Best Practices","pmd"
"462","3","G:\Temp_data\Data Seed\DBT-Data-Seeding\force-app\main\default\classes\ExternalOrgDmlServiceTest.cls","65","7","EmptyCatchBlock","Avoid empty catch blocks","https://docs.pmd-code.org/pmd-doc-7.11.0/pmd_rules_apex_errorprone.html#emptycatchblock","Error Prone","pmd"
"463","3","G:\Temp_data\Data Seed\DBT-Data-Seeding\force-app\main\default\classes\ExternalOrgDmlServiceTest.cls","69","7","EmptyCatchBlock","Avoid empty catch blocks","https://docs.pmd-code.org/pmd-doc-7.11.0/pmd_rules_apex_errorprone.html#emptycatchblock","Error Prone","pmd"
"464","3","G:\Temp_data\Data Seed\DBT-Data-Seeding\force-app\main\default\classes\ExternalOrgDmlServiceTest.cls","74","10","ApexDoc","Missing ApexDoc comment","https://docs.pmd-code.org/pmd-doc-7.11.0/pmd_rules_apex_documentation.html#apexdoc","Documentation","pmd"
"465","3","G:\Temp_data\Data Seed\DBT-Data-Seeding\force-app\main\default\classes\ExternalOrgDmlServiceTest.cls","75","12","ApexDoc","Missing ApexDoc comment","https://docs.pmd-code.org/pmd-doc-7.11.0/pmd_rules_apex_documentation.html#apexdoc","Documentation","pmd"
"466","3","G:\Temp_data\Data Seed\DBT-Data-Seeding\force-app\main\default\classes\ExternalOrgQueryController.cls","1","21","ApexDoc","Missing ApexDoc comment","https://docs.pmd-code.org/pmd-doc-7.11.0/pmd_rules_apex_documentation.html#apexdoc","Documentation","pmd"
"467","3","G:\Temp_data\Data Seed\DBT-Data-Seeding\force-app\main\default\classes\ExternalOrgQueryController.cls","1","21","CognitiveComplexity","The class 'ExternalOrgQueryController' has a total cognitive complexity of 301 (highest 4), current threshold is 50","https://docs.pmd-code.org/pmd-doc-7.11.0/pmd_rules_apex_design.html#cognitivecomplexity","Design","pmd"
"468","3","G:\Temp_data\Data Seed\DBT-Data-Seeding\force-app\main\default\classes\ExternalOrgQueryController.cls","1","21","ExcessivePublicCount","The class ExternalOrgQueryController has 23 public methods, attributes, and properties (limit: 20)","https://docs.pmd-code.org/pmd-doc-7.11.0/pmd_rules_apex_design.html#excessivepubliccount","Design","pmd"
"469","3","G:\Temp_data\Data Seed\DBT-Data-Seeding\force-app\main\default\classes\ExternalOrgQueryController.cls","7","17","ExcessiveParameterList","Avoid long parameter lists.","https://docs.pmd-code.org/pmd-doc-7.11.0/pmd_rules_apex_design.html#excessiveparameterlist","Design","pmd"
"470","3","G:\Temp_data\Data Seed\DBT-Data-Seeding\force-app\main\default\classes\ExternalOrgQueryController.cls","7","17","ApexDoc","Missing ApexDoc comment","https://docs.pmd-code.org/pmd-doc-7.11.0/pmd_rules_apex_documentation.html#apexdoc","Documentation","pmd"
"471","3","G:\Temp_data\Data Seed\DBT-Data-Seeding\force-app\main\default\classes\ExternalOrgQueryController.cls","22","17","ApexDoc","Missing ApexDoc comment","https://docs.pmd-code.org/pmd-doc-7.11.0/pmd_rules_apex_documentation.html#apexdoc","Documentation","pmd"
"472","3","G:\Temp_data\Data Seed\DBT-Data-Seeding\force-app\main\default\classes\ExternalOrgQueryController.cls","35","17","ApexDoc","Missing ApexDoc comment","https://docs.pmd-code.org/pmd-doc-7.11.0/pmd_rules_apex_documentation.html#apexdoc","Documentation","pmd"
"473","3","G:\Temp_data\Data Seed\DBT-Data-Seeding\force-app\main\default\classes\ExternalOrgQueryController.cls","46","17","ExcessiveParameterList","Avoid long parameter lists.","https://docs.pmd-code.org/pmd-doc-7.11.0/pmd_rules_apex_design.html#excessiveparameterlist","Design","pmd"
"474","3","G:\Temp_data\Data Seed\DBT-Data-Seeding\force-app\main\default\classes\ExternalOrgQueryController.cls","46","17","ApexDoc","Missing ApexDoc comment","https://docs.pmd-code.org/pmd-doc-7.11.0/pmd_rules_apex_documentation.html#apexdoc","Documentation","pmd"
"475","3","G:\Temp_data\Data Seed\DBT-Data-Seeding\force-app\main\default\classes\ExternalOrgQueryController.cls","63","17","ApexDoc","Missing ApexDoc comment","https://docs.pmd-code.org/pmd-doc-7.11.0/pmd_rules_apex_documentation.html#apexdoc","Documentation","pmd"
"476","3","G:\Temp_data\Data Seed\DBT-Data-Seeding\force-app\main\default\classes\ExternalOrgQueryController.cls","76","17","ApexDoc","Missing ApexDoc comment","https://docs.pmd-code.org/pmd-doc-7.11.0/pmd_rules_apex_documentation.html#apexdoc","Documentation","pmd"
"477","3","G:\Temp_data\Data Seed\DBT-Data-Seeding\force-app\main\default\classes\ExternalOrgQueryController.cls","89","17","ApexDoc","Missing ApexDoc comment","https://docs.pmd-code.org/pmd-doc-7.11.0/pmd_rules_apex_documentation.html#apexdoc","Documentation","pmd"
"478","3","G:\Temp_data\Data Seed\DBT-Data-Seeding\force-app\main\default\classes\ExternalOrgQueryController.cls","102","17","ApexDoc","Missing ApexDoc comment","https://docs.pmd-code.org/pmd-doc-7.11.0/pmd_rules_apex_documentation.html#apexdoc","Documentation","pmd"
"479","3","G:\Temp_data\Data Seed\DBT-Data-Seeding\force-app\main\default\classes\ExternalOrgQueryController.cls","114","17","ApexDoc","Missing ApexDoc comment","https://docs.pmd-code.org/pmd-doc-7.11.0/pmd_rules_apex_documentation.html#apexdoc","Documentation","pmd"
"480","3","G:\Temp_data\Data Seed\DBT-Data-Seeding\force-app\main\default\classes\ExternalOrgQueryController.cls","119","17","ApexDoc","Missing ApexDoc comment","https://docs.pmd-code.org/pmd-doc-7.11.0/pmd_rules_apex_documentation.html#apexdoc","Documentation","pmd"
"481","3","G:\Temp_data\Data Seed\DBT-Data-Seeding\force-app\main\default\classes\ExternalOrgQueryController.cls","126","17","ApexDoc","Missing ApexDoc comment","https://docs.pmd-code.org/pmd-doc-7.11.0/pmd_rules_apex_documentation.html#apexdoc","Documentation","pmd"
"482","3","G:\Temp_data\Data Seed\DBT-Data-Seeding\force-app\main\default\classes\ExternalOrgQueryController.cls","139","17","ApexDoc","Missing ApexDoc comment","https://docs.pmd-code.org/pmd-doc-7.11.0/pmd_rules_apex_documentation.html#apexdoc","Documentation","pmd"
"483","3","G:\Temp_data\Data Seed\DBT-Data-Seeding\force-app\main\default\classes\ExternalOrgQueryController.cls","146","17","ApexDoc","Missing ApexDoc comment","https://docs.pmd-code.org/pmd-doc-7.11.0/pmd_rules_apex_documentation.html#apexdoc","Documentation","pmd"
"484","3","G:\Temp_data\Data Seed\DBT-Data-Seeding\force-app\main\default\classes\ExternalOrgQueryController.cls","151","17","ApexDoc","Missing ApexDoc comment","https://docs.pmd-code.org/pmd-doc-7.11.0/pmd_rules_apex_documentation.html#apexdoc","Documentation","pmd"
"485","3","G:\Temp_data\Data Seed\DBT-Data-Seeding\force-app\main\default\classes\ExternalOrgQueryController.cls","159","17","ApexDoc","Missing ApexDoc comment","https://docs.pmd-code.org/pmd-doc-7.11.0/pmd_rules_apex_documentation.html#apexdoc","Documentation","pmd"
"486","3","G:\Temp_data\Data Seed\DBT-Data-Seeding\force-app\main\default\classes\ExternalOrgQueryController.cls","171","17","ExcessiveParameterList","Avoid long parameter lists.","https://docs.pmd-code.org/pmd-doc-7.11.0/pmd_rules_apex_design.html#excessiveparameterlist","Design","pmd"
"487","3","G:\Temp_data\Data Seed\DBT-Data-Seeding\force-app\main\default\classes\ExternalOrgQueryController.cls","171","17","ApexDoc","Missing ApexDoc comment","https://docs.pmd-code.org/pmd-doc-7.11.0/pmd_rules_apex_documentation.html#apexdoc","Documentation","pmd"
"488","3","G:\Temp_data\Data Seed\DBT-Data-Seeding\force-app\main\default\classes\ExternalOrgQueryController.cls","186","17","ExcessiveParameterList","Avoid long parameter lists.","https://docs.pmd-code.org/pmd-doc-7.11.0/pmd_rules_apex_design.html#excessiveparameterlist","Design","pmd"
"489","3","G:\Temp_data\Data Seed\DBT-Data-Seeding\force-app\main\default\classes\ExternalOrgQueryController.cls","186","17","ApexDoc","Missing ApexDoc comment","https://docs.pmd-code.org/pmd-doc-7.11.0/pmd_rules_apex_documentation.html#apexdoc","Documentation","pmd"
"490","3","G:\Temp_data\Data Seed\DBT-Data-Seeding\force-app\main\default\classes\ExternalOrgQueryController.cls","201","17","ExcessiveParameterList","Avoid long parameter lists.","https://docs.pmd-code.org/pmd-doc-7.11.0/pmd_rules_apex_design.html#excessiveparameterlist","Design","pmd"
"491","3","G:\Temp_data\Data Seed\DBT-Data-Seeding\force-app\main\default\classes\ExternalOrgQueryController.cls","201","17","ApexDoc","Missing ApexDoc comment","https://docs.pmd-code.org/pmd-doc-7.11.0/pmd_rules_apex_documentation.html#apexdoc","Documentation","pmd"
"492","3","G:\Temp_data\Data Seed\DBT-Data-Seeding\force-app\main\default\classes\ExternalOrgQueryController.cls","218","17","ApexDoc","Missing ApexDoc comment","https://docs.pmd-code.org/pmd-doc-7.11.0/pmd_rules_apex_documentation.html#apexdoc","Documentation","pmd"
"493","3","G:\Temp_data\Data Seed\DBT-Data-Seeding\force-app\main\default\classes\ExternalOrgQueryController.cls","231","17","ApexDoc","Missing ApexDoc comment","https://docs.pmd-code.org/pmd-doc-7.11.0/pmd_rules_apex_documentation.html#apexdoc","Documentation","pmd"
"494","3","G:\Temp_data\Data Seed\DBT-Data-Seeding\force-app\main\default\classes\ExternalOrgQueryController.cls","238","17","ExcessiveParameterList","Avoid long parameter lists.","https://docs.pmd-code.org/pmd-doc-7.11.0/pmd_rules_apex_design.html#excessiveparameterlist","Design","pmd"
"495","3","G:\Temp_data\Data Seed\DBT-Data-Seeding\force-app\main\default\classes\ExternalOrgQueryController.cls","238","17","ApexDoc","Missing ApexDoc comment","https://docs.pmd-code.org/pmd-doc-7.11.0/pmd_rules_apex_documentation.html#apexdoc","Documentation","pmd"
"496","3","G:\Temp_data\Data Seed\DBT-Data-Seeding\force-app\main\default\classes\ExternalOrgQueryController.cls","257","17","ApexDoc","Missing ApexDoc comment","https://docs.pmd-code.org/pmd-doc-7.11.0/pmd_rules_apex_documentation.html#apexdoc","Documentation","pmd"
"497","3","G:\Temp_data\Data Seed\DBT-Data-Seeding\force-app\main\default\classes\ExternalOrgQueryController.cls","262","17","ExcessiveParameterList","Avoid long parameter lists.","https://docs.pmd-code.org/pmd-doc-7.11.0/pmd_rules_apex_design.html#excessiveparameterlist","Design","pmd"
"498","3","G:\Temp_data\Data Seed\DBT-Data-Seeding\force-app\main\default\classes\ExternalOrgQueryController.cls","262","17","ApexDoc","Missing ApexDoc comment","https://docs.pmd-code.org/pmd-doc-7.11.0/pmd_rules_apex_documentation.html#apexdoc","Documentation","pmd"
"499","3","G:\Temp_data\Data Seed\DBT-Data-Seeding\force-app\main\default\classes\ExternalOrgQueryController.cls","296","7","AvoidDebugStatements","Avoid debug statements since they impact on performance","https://docs.pmd-code.org/pmd-doc-7.11.0/pmd_rules_apex_performance.html#avoiddebugstatements","Performance","pmd"
"500","3","G:\Temp_data\Data Seed\DBT-Data-Seeding\force-app\main\default\classes\ExternalOrgQueryController.cls","296","7","DebugsShouldUseLoggingLevel","Calls to System.debug should specify a logging level.","https://docs.pmd-code.org/pmd-doc-7.11.0/pmd_rules_apex_bestpractices.html#debugsshoulduselogginglevel","Best Practices","pmd"
"501","3","G:\Temp_data\Data Seed\DBT-Data-Seeding\force-app\main\default\classes\ExternalOrgQueryControllerTest2.cls","20","5","ApexAssertionsShouldIncludeMessage","'System.assertNotEquals' should have 3 parameters.","https://docs.pmd-code.org/pmd-doc-7.11.0/pmd_rules_apex_bestpractices.html#apexassertionsshouldincludemessage","Best Practices","pmd"
"502","3","G:\Temp_data\Data Seed\DBT-Data-Seeding\force-app\main\default\classes\ExternalOrgQueryControllerTest2.cls","26","12","ApexDoc","Missing ApexDoc comment","https://docs.pmd-code.org/pmd-doc-7.11.0/pmd_rules_apex_documentation.html#apexdoc","Documentation","pmd"
"503","3","G:\Temp_data\Data Seed\DBT-Data-Seeding\force-app\main\default\classes\ExternalOrgQueryControllerTest2.cls","60","5","ApexAssertionsShouldIncludeMessage","'System.assertEquals' should have 3 parameters.","https://docs.pmd-code.org/pmd-doc-7.11.0/pmd_rules_apex_bestpractices.html#apexassertionsshouldincludemessage","Best Practices","pmd"
"504","3","G:\Temp_data\Data Seed\DBT-Data-Seeding\force-app\main\default\classes\ExternalOrgQueryControllerTest2.cls","76","12","ApexDoc","Missing ApexDoc comment","https://docs.pmd-code.org/pmd-doc-7.11.0/pmd_rules_apex_documentation.html#apexdoc","Documentation","pmd"
"505","3","G:\Temp_data\Data Seed\DBT-Data-Seeding\force-app\main\default\classes\ExternalOrgQueryService.cls","1","21","ApexDoc","Missing ApexDoc comment","https://docs.pmd-code.org/pmd-doc-7.11.0/pmd_rules_apex_documentation.html#apexdoc","Documentation","pmd"
"506","3","G:\Temp_data\Data Seed\DBT-Data-Seeding\force-app\main\default\classes\ExternalOrgQueryService.cls","1","21","StdCyclomaticComplexity","The class 'ExternalOrgQueryService' has a Standard Cyclomatic Complexity of 7 (Highest = 13).","https://docs.pmd-code.org/pmd-doc-7.11.0/pmd_rules_apex_design.html#stdcyclomaticcomplexity","Design","pmd"
"507","3","G:\Temp_data\Data Seed\DBT-Data-Seeding\force-app\main\default\classes\ExternalOrgQueryService.cls","1","21","CognitiveComplexity","The class 'ExternalOrgQueryService' has a total cognitive complexity of 90 (highest 27), current threshold is 50","https://docs.pmd-code.org/pmd-doc-7.11.0/pmd_rules_apex_design.html#cognitivecomplexity","Design","pmd"
"508","3","G:\Temp_data\Data Seed\DBT-Data-Seeding\force-app\main\default\classes\ExternalOrgQueryService.cls","1","21","CyclomaticComplexity","The class 'ExternalOrgQueryService' has a total cyclomatic complexity of 64 (highest 17).","https://docs.pmd-code.org/pmd-doc-7.11.0/pmd_rules_apex_design.html#cyclomaticcomplexity","Design","pmd"
"509","3","G:\Temp_data\Data Seed\DBT-Data-Seeding\force-app\main\default\classes\ExternalOrgQueryService.cls","2","10","ApexDoc","Missing ApexDoc comment","https://docs.pmd-code.org/pmd-doc-7.11.0/pmd_rules_apex_documentation.html#apexdoc","Documentation","pmd"
"510","3","G:\Temp_data\Data Seed\DBT-Data-Seeding\force-app\main\default\classes\ExternalOrgQueryService.cls","15","17","ExcessiveParameterList","Avoid long parameter lists.","https://docs.pmd-code.org/pmd-doc-7.11.0/pmd_rules_apex_design.html#excessiveparameterlist","Design","pmd"
"511","3","G:\Temp_data\Data Seed\DBT-Data-Seeding\force-app\main\default\classes\ExternalOrgQueryService.cls","15","17","ApexDoc","Missing ApexDoc comment","https://docs.pmd-code.org/pmd-doc-7.11.0/pmd_rules_apex_documentation.html#apexdoc","Documentation","pmd"
"512","3","G:\Temp_data\Data Seed\DBT-Data-Seeding\force-app\main\default\classes\ExternalOrgQueryService.cls","15","17","NcssMethodCount","The method 'loginAndQuery()' has an NCSS line count of 40 (limit: 40)","https://docs.pmd-code.org/pmd-doc-7.11.0/pmd_rules_apex_design.html#ncssmethodcount","Design","pmd"
"513","3","G:\Temp_data\Data Seed\DBT-Data-Seeding\force-app\main\default\classes\ExternalOrgQueryService.cls","15","17","CyclomaticComplexity","The method 'loginAndQuery(String, String, String, String)' has a cyclomatic complexity of 13.","https://docs.pmd-code.org/pmd-doc-7.11.0/pmd_rules_apex_design.html#cyclomaticcomplexity","Design","pmd"
"514","3","G:\Temp_data\Data Seed\DBT-Data-Seeding\force-app\main\default\classes\ExternalOrgQueryService.cls","21","5","AvoidDebugStatements","Avoid debug statements since they impact on performance","https://docs.pmd-code.org/pmd-doc-7.11.0/pmd_rules_apex_performance.html#avoiddebugstatements","Performance","pmd"
"515","3","G:\Temp_data\Data Seed\DBT-Data-Seeding\force-app\main\default\classes\ExternalOrgQueryService.cls","21","5","DebugsShouldUseLoggingLevel","Calls to System.debug should specify a logging level.","https://docs.pmd-code.org/pmd-doc-7.11.0/pmd_rules_apex_bestpractices.html#debugsshoulduselogginglevel","Best Practices","pmd"
"516","3","G:\Temp_data\Data Seed\DBT-Data-Seeding\force-app\main\default\classes\ExternalOrgQueryService.cls","61","25","ApexSuggestUsingNamedCred","Suggest named credentials for authentication","https://docs.pmd-code.org/pmd-doc-7.11.0/pmd_rules_apex_security.html#apexsuggestusingnamedcred","Security","pmd"
"517","3","G:\Temp_data\Data Seed\DBT-Data-Seeding\force-app\main\default\classes\ExternalOrgQueryService.cls","65","7","AvoidDebugStatements","Avoid debug statements since they impact on performance","https://docs.pmd-code.org/pmd-doc-7.11.0/pmd_rules_apex_performance.html#avoiddebugstatements","Performance","pmd"
"518","3","G:\Temp_data\Data Seed\DBT-Data-Seeding\force-app\main\default\classes\ExternalOrgQueryService.cls","65","7","DebugsShouldUseLoggingLevel","Calls to System.debug should specify a logging level.","https://docs.pmd-code.org/pmd-doc-7.11.0/pmd_rules_apex_bestpractices.html#debugsshoulduselogginglevel","Best Practices","pmd"
"519","3","G:\Temp_data\Data Seed\DBT-Data-Seeding\force-app\main\default\classes\ExternalOrgQueryService.cls","67","7","AvoidDebugStatements","Avoid debug statements since they impact on performance","https://docs.pmd-code.org/pmd-doc-7.11.0/pmd_rules_apex_performance.html#avoiddebugstatements","Performance","pmd"
"520","3","G:\Temp_data\Data Seed\DBT-Data-Seeding\force-app\main\default\classes\ExternalOrgQueryService.cls","67","7","DebugsShouldUseLoggingLevel","Calls to System.debug should specify a logging level.","https://docs.pmd-code.org/pmd-doc-7.11.0/pmd_rules_apex_bestpractices.html#debugsshoulduselogginglevel","Best Practices","pmd"
"521","3","G:\Temp_data\Data Seed\DBT-Data-Seeding\force-app\main\default\classes\ExternalOrgQueryService.cls","77","7","AvoidDebugStatements","Avoid debug statements since they impact on performance","https://docs.pmd-code.org/pmd-doc-7.11.0/pmd_rules_apex_performance.html#avoiddebugstatements","Performance","pmd"
"522","3","G:\Temp_data\Data Seed\DBT-Data-Seeding\force-app\main\default\classes\ExternalOrgQueryService.cls","77","7","DebugsShouldUseLoggingLevel","Calls to System.debug should specify a logging level.","https://docs.pmd-code.org/pmd-doc-7.11.0/pmd_rules_apex_bestpractices.html#debugsshoulduselogginglevel","Best Practices","pmd"
"523","3","G:\Temp_data\Data Seed\DBT-Data-Seeding\force-app\main\default\classes\ExternalOrgQueryService.cls","89","17","ApexDoc","Missing ApexDoc comment","https://docs.pmd-code.org/pmd-doc-7.11.0/pmd_rules_apex_documentation.html#apexdoc","Documentation","pmd"
"524","3","G:\Temp_data\Data Seed\DBT-Data-Seeding\force-app\main\default\classes\ExternalOrgQueryService.cls","89","17","CyclomaticComplexity","The method 'queryWithSession(String, String, String)' has a cyclomatic complexity of 10.","https://docs.pmd-code.org/pmd-doc-7.11.0/pmd_rules_apex_design.html#cyclomaticcomplexity","Design","pmd"
"525","3","G:\Temp_data\Data Seed\DBT-Data-Seeding\force-app\main\default\classes\ExternalOrgQueryService.cls","94","5","AvoidDebugStatements","Avoid debug statements since they impact on performance","https://docs.pmd-code.org/pmd-doc-7.11.0/pmd_rules_apex_performance.html#avoiddebugstatements","Performance","pmd"
"526","3","G:\Temp_data\Data Seed\DBT-Data-Seeding\force-app\main\default\classes\ExternalOrgQueryService.cls","94","5","DebugsShouldUseLoggingLevel","Calls to System.debug should specify a logging level.","https://docs.pmd-code.org/pmd-doc-7.11.0/pmd_rules_apex_bestpractices.html#debugsshoulduselogginglevel","Best Practices","pmd"
"527","3","G:\Temp_data\Data Seed\DBT-Data-Seeding\force-app\main\default\classes\ExternalOrgQueryService.cls","113","25","ApexSuggestUsingNamedCred","Suggest named credentials for authentication","https://docs.pmd-code.org/pmd-doc-7.11.0/pmd_rules_apex_security.html#apexsuggestusingnamedcred","Security","pmd"
"528","3","G:\Temp_data\Data Seed\DBT-Data-Seeding\force-app\main\default\classes\ExternalOrgQueryService.cls","127","7","AvoidDebugStatements","Avoid debug statements since they impact on performance","https://docs.pmd-code.org/pmd-doc-7.11.0/pmd_rules_apex_performance.html#avoiddebugstatements","Performance","pmd"
"529","3","G:\Temp_data\Data Seed\DBT-Data-Seeding\force-app\main\default\classes\ExternalOrgQueryService.cls","127","7","DebugsShouldUseLoggingLevel","Calls to System.debug should specify a logging level.","https://docs.pmd-code.org/pmd-doc-7.11.0/pmd_rules_apex_bestpractices.html#debugsshoulduselogginglevel","Best Practices","pmd"
"530","3","G:\Temp_data\Data Seed\DBT-Data-Seeding\force-app\main\default\classes\ExternalOrgQueryService.cls","134","17","ApexDoc","Missing ApexDoc comment","https://docs.pmd-code.org/pmd-doc-7.11.0/pmd_rules_apex_documentation.html#apexdoc","Documentation","pmd"
"531","3","G:\Temp_data\Data Seed\DBT-Data-Seeding\force-app\main\default\classes\ExternalOrgQueryService.cls","134","17","CyclomaticComplexity","The method 'queryByUrl(String, String, String)' has a cyclomatic complexity of 11.","https://docs.pmd-code.org/pmd-doc-7.11.0/pmd_rules_apex_design.html#cyclomaticcomplexity","Design","pmd"
"532","3","G:\Temp_data\Data Seed\DBT-Data-Seeding\force-app\main\default\classes\ExternalOrgQueryService.cls","139","5","AvoidDebugStatements","Avoid debug statements since they impact on performance","https://docs.pmd-code.org/pmd-doc-7.11.0/pmd_rules_apex_performance.html#avoiddebugstatements","Performance","pmd"
"533","3","G:\Temp_data\Data Seed\DBT-Data-Seeding\force-app\main\default\classes\ExternalOrgQueryService.cls","139","5","DebugsShouldUseLoggingLevel","Calls to System.debug should specify a logging level.","https://docs.pmd-code.org/pmd-doc-7.11.0/pmd_rules_apex_bestpractices.html#debugsshoulduselogginglevel","Best Practices","pmd"
"534","3","G:\Temp_data\Data Seed\DBT-Data-Seeding\force-app\main\default\classes\ExternalOrgQueryService.cls","155","25","ApexSuggestUsingNamedCred","Suggest named credentials for authentication","https://docs.pmd-code.org/pmd-doc-7.11.0/pmd_rules_apex_security.html#apexsuggestusingnamedcred","Security","pmd"
"535","3","G:\Temp_data\Data Seed\DBT-Data-Seeding\force-app\main\default\classes\ExternalOrgQueryService.cls","169","7","AvoidDebugStatements","Avoid debug statements since they impact on performance","https://docs.pmd-code.org/pmd-doc-7.11.0/pmd_rules_apex_performance.html#avoiddebugstatements","Performance","pmd"
"536","3","G:\Temp_data\Data Seed\DBT-Data-Seeding\force-app\main\default\classes\ExternalOrgQueryService.cls","169","7","DebugsShouldUseLoggingLevel","Calls to System.debug should specify a logging level.","https://docs.pmd-code.org/pmd-doc-7.11.0/pmd_rules_apex_bestpractices.html#debugsshoulduselogginglevel","Best Practices","pmd"
"537","3","G:\Temp_data\Data Seed\DBT-Data-Seeding\force-app\main\default\classes\ExternalOrgQueryService.cls","176","17","ApexDoc","Missing ApexDoc comment","https://docs.pmd-code.org/pmd-doc-7.11.0/pmd_rules_apex_documentation.html#apexdoc","Documentation","pmd"
"538","3","G:\Temp_data\Data Seed\DBT-Data-Seeding\force-app\main\default\classes\ExternalOrgQueryService.cls","180","17","ApexDoc","Missing ApexDoc comment","https://docs.pmd-code.org/pmd-doc-7.11.0/pmd_rules_apex_documentation.html#apexdoc","Documentation","pmd"
"539","3","G:\Temp_data\Data Seed\DBT-Data-Seeding\force-app\main\default\classes\ExternalOrgQueryService.cls","180","17","StdCyclomaticComplexity","The method 'queryCurrent' has a Standard Cyclomatic Complexity of 13.","https://docs.pmd-code.org/pmd-doc-7.11.0/pmd_rules_apex_design.html#stdcyclomaticcomplexity","Design","pmd"
"540","3","G:\Temp_data\Data Seed\DBT-Data-Seeding\force-app\main\default\classes\ExternalOrgQueryService.cls","180","17","NcssMethodCount","The method 'queryCurrent()' has an NCSS line count of 49 (limit: 40)","https://docs.pmd-code.org/pmd-doc-7.11.0/pmd_rules_apex_design.html#ncssmethodcount","Design","pmd"
"541","3","G:\Temp_data\Data Seed\DBT-Data-Seeding\force-app\main\default\classes\ExternalOrgQueryService.cls","180","17","CognitiveComplexity","The method 'queryCurrent(String, List<String>)' has a cognitive complexity of 27, current threshold is 15","https://docs.pmd-code.org/pmd-doc-7.11.0/pmd_rules_apex_design.html#cognitivecomplexity","Design","pmd"
"542","3","G:\Temp_data\Data Seed\DBT-Data-Seeding\force-app\main\default\classes\ExternalOrgQueryService.cls","180","17","CyclomaticComplexity","The method 'queryCurrent(String, List<String>)' has a cyclomatic complexity of 17.","https://docs.pmd-code.org/pmd-doc-7.11.0/pmd_rules_apex_design.html#cyclomaticcomplexity","Design","pmd"
"543","3","G:\Temp_data\Data Seed\DBT-Data-Seeding\force-app\main\default\classes\ExternalOrgQueryService.cls","210","15","EmptyCatchBlock","Avoid empty catch blocks","https://docs.pmd-code.org/pmd-doc-7.11.0/pmd_rules_apex_errorprone.html#emptycatchblock","Error Prone","pmd"
"544","3","G:\Temp_data\Data Seed\DBT-Data-Seeding\force-app\main\default\classes\ExternalOrgQueryService.cls","240","13","IfStmtsMustUseBraces","Avoid using if statements without curly braces","https://docs.pmd-code.org/pmd-doc-7.11.0/pmd_rules_apex_codestyle.html#ifstmtsmustusebraces","Code Style","pmd"
"545","3","G:\Temp_data\Data Seed\DBT-Data-Seeding\force-app\main\default\classes\ExternalOrgQueryService.cls","240","13","IfElseStmtsMustUseBraces","Avoid using if...else statements without curly braces","https://docs.pmd-code.org/pmd-doc-7.11.0/pmd_rules_apex_codestyle.html#ifelsestmtsmustusebraces","Code Style","pmd"
"546","3","G:\Temp_data\Data Seed\DBT-Data-Seeding\force-app\main\default\classes\ExternalOrgQueryService.cls","248","7","AvoidDebugStatements","Avoid debug statements since they impact on performance","https://docs.pmd-code.org/pmd-doc-7.11.0/pmd_rules_apex_performance.html#avoiddebugstatements","Performance","pmd"
"547","3","G:\Temp_data\Data Seed\DBT-Data-Seeding\force-app\main\default\classes\ExternalOrgQueryService.cls","248","7","DebugsShouldUseLoggingLevel","Calls to System.debug should specify a logging level.","https://docs.pmd-code.org/pmd-doc-7.11.0/pmd_rules_apex_bestpractices.html#debugsshoulduselogginglevel","Best Practices","pmd"
"548","3","G:\Temp_data\Data Seed\DBT-Data-Seeding\force-app\main\default\classes\ExternalOrgQueryService.cls","255","18","StdCyclomaticComplexity","The method 'parseQueryResponse' has a Standard Cyclomatic Complexity of 11.","https://docs.pmd-code.org/pmd-doc-7.11.0/pmd_rules_apex_design.html#stdcyclomaticcomplexity","Design","pmd"
"549","3","G:\Temp_data\Data Seed\DBT-Data-Seeding\force-app\main\default\classes\ExternalOrgQueryService.cls","255","18","NcssMethodCount","The method 'parseQueryResponse()' has an NCSS line count of 41 (limit: 40)","https://docs.pmd-code.org/pmd-doc-7.11.0/pmd_rules_apex_design.html#ncssmethodcount","Design","pmd"
"550","3","G:\Temp_data\Data Seed\DBT-Data-Seeding\force-app\main\default\classes\ExternalOrgQueryService.cls","255","18","CognitiveComplexity","The method 'parseQueryResponse(String)' has a cognitive complexity of 23, current threshold is 15","https://docs.pmd-code.org/pmd-doc-7.11.0/pmd_rules_apex_design.html#cognitivecomplexity","Design","pmd"
"551","3","G:\Temp_data\Data Seed\DBT-Data-Seeding\force-app\main\default\classes\ExternalOrgQueryService.cls","255","18","CyclomaticComplexity","The method 'parseQueryResponse(String)' has a cyclomatic complexity of 12.","https://docs.pmd-code.org/pmd-doc-7.11.0/pmd_rules_apex_design.html#cyclomaticcomplexity","Design","pmd"
"552","3","G:\Temp_data\Data Seed\DBT-Data-Seeding\force-app\main\default\classes\ExternalOrgQueryService.cls","272","11","IfStmtsMustUseBraces","Avoid using if statements without curly braces","https://docs.pmd-code.org/pmd-doc-7.11.0/pmd_rules_apex_codestyle.html#ifstmtsmustusebraces","Code Style","pmd"
"553","3","G:\Temp_data\Data Seed\DBT-Data-Seeding\force-app\main\default\classes\ExternalOrgQueryService.cls","272","11","IfElseStmtsMustUseBraces","Avoid using if...else statements without curly braces","https://docs.pmd-code.org/pmd-doc-7.11.0/pmd_rules_apex_codestyle.html#ifelsestmtsmustusebraces","Code Style","pmd"
"554","3","G:\Temp_data\Data Seed\DBT-Data-Seeding\force-app\main\default\classes\ExternalOrgQueryService.cls","297","11","IfStmtsMustUseBraces","Avoid using if statements without curly braces","https://docs.pmd-code.org/pmd-doc-7.11.0/pmd_rules_apex_codestyle.html#ifstmtsmustusebraces","Code Style","pmd"
"555","3","G:\Temp_data\Data Seed\DBT-Data-Seeding\force-app\main\default\classes\ExternalOrgQueryService.cls","297","11","IfElseStmtsMustUseBraces","Avoid using if...else statements without curly braces","https://docs.pmd-code.org/pmd-doc-7.11.0/pmd_rules_apex_codestyle.html#ifelsestmtsmustusebraces","Code Style","pmd"
"556","3","G:\Temp_data\Data Seed\DBT-Data-Seeding\force-app\main\default\classes\ExternalOrgServicesComprehensiveTest.cls","3","11","StdCyclomaticComplexity","The class 'MockProvider' has a Standard Cyclomatic Complexity of 10 (Highest = 9).","https://docs.pmd-code.org/pmd-doc-7.11.0/pmd_rules_apex_design.html#stdcyclomaticcomplexity","Design","pmd"
"557","3","G:\Temp_data\Data Seed\DBT-Data-Seeding\force-app\main\default\classes\ExternalOrgServicesComprehensiveTest.cls","5","12","ApexDoc","Missing ApexDoc comment","https://docs.pmd-code.org/pmd-doc-7.11.0/pmd_rules_apex_documentation.html#apexdoc","Documentation","pmd"
"558","3","G:\Temp_data\Data Seed\DBT-Data-Seeding\force-app\main\default\classes\ExternalOrgServicesComprehensiveTest.cls","5","12","CyclomaticComplexity","The method 'respond(HTTPRequest)' has a cyclomatic complexity of 10.","https://docs.pmd-code.org/pmd-doc-7.11.0/pmd_rules_apex_design.html#cyclomaticcomplexity","Design","pmd"
"559","3","G:\Temp_data\Data Seed\DBT-Data-Seeding\force-app\main\default\classes\ExternalOrgServicesComprehensiveTest.cls","50","10","ApexUnitTestClassShouldHaveAsserts","Apex unit tests should System.assert() or assertEquals() or assertNotEquals()","https://docs.pmd-code.org/pmd-doc-7.11.0/pmd_rules_apex_bestpractices.html#apexunittestclassshouldhaveasserts","Best Practices","pmd"
"560","3","G:\Temp_data\Data Seed\DBT-Data-Seeding\force-app\main\default\classes\ExternalOrgServicesComprehensiveTest.cls","140","7","EmptyCatchBlock","Avoid empty catch blocks","https://docs.pmd-code.org/pmd-doc-7.11.0/pmd_rules_apex_errorprone.html#emptycatchblock","Error Prone","pmd"
"561","3","G:\Temp_data\Data Seed\DBT-Data-Seeding\force-app\main\default\classes\ExternalOrgServicesComprehensiveTest.cls","158","7","EmptyCatchBlock","Avoid empty catch blocks","https://docs.pmd-code.org/pmd-doc-7.11.0/pmd_rules_apex_errorprone.html#emptycatchblock","Error Prone","pmd"
"562","3","G:\Temp_data\Data Seed\DBT-Data-Seeding\force-app\main\default\classes\ExternalOrgServicesComprehensiveTest.cls","167","7","EmptyCatchBlock","Avoid empty catch blocks","https://docs.pmd-code.org/pmd-doc-7.11.0/pmd_rules_apex_errorprone.html#emptycatchblock","Error Prone","pmd"
"563","3","G:\Temp_data\Data Seed\DBT-Data-Seeding\force-app\main\default\classes\ExternalOrgServicesComprehensiveTest.cls","174","10","ApexUnitTestClassShouldHaveAsserts","Apex unit tests should System.assert() or assertEquals() or assertNotEquals()","https://docs.pmd-code.org/pmd-doc-7.11.0/pmd_rules_apex_bestpractices.html#apexunittestclassshouldhaveasserts","Best Practices","pmd"
"564","3","G:\Temp_data\Data Seed\DBT-Data-Seeding\force-app\main\default\classes\ExternalOrgServicesComprehensiveTest.cls","211","10","ApexUnitTestClassShouldHaveAsserts","Apex unit tests should System.assert() or assertEquals() or assertNotEquals()","https://docs.pmd-code.org/pmd-doc-7.11.0/pmd_rules_apex_bestpractices.html#apexunittestclassshouldhaveasserts","Best Practices","pmd"
"565","3","G:\Temp_data\Data Seed\DBT-Data-Seeding\force-app\main\default\classes\ExternalOrgServicesComprehensiveTest.cls","231","7","EmptyCatchBlock","Avoid empty catch blocks","https://docs.pmd-code.org/pmd-doc-7.11.0/pmd_rules_apex_errorprone.html#emptycatchblock","Error Prone","pmd"
"566","3","G:\Temp_data\Data Seed\DBT-Data-Seeding\force-app\main\default\classes\ExternalOrgServicesComprehensiveTest.cls","235","7","EmptyCatchBlock","Avoid empty catch blocks","https://docs.pmd-code.org/pmd-doc-7.11.0/pmd_rules_apex_errorprone.html#emptycatchblock","Error Prone","pmd"
"567","3","G:\Temp_data\Data Seed\DBT-Data-Seeding\force-app\main\default\classes\ExternalOrgServicesComprehensiveTest.cls","242","7","EmptyCatchBlock","Avoid empty catch blocks","https://docs.pmd-code.org/pmd-doc-7.11.0/pmd_rules_apex_errorprone.html#emptycatchblock","Error Prone","pmd"
"568","3","G:\Temp_data\Data Seed\DBT-Data-Seeding\force-app\main\default\classes\ExternalOrgServicesComprehensiveTest.cls","248","10","ApexUnitTestClassShouldHaveAsserts","Apex unit tests should System.assert() or assertEquals() or assertNotEquals()","https://docs.pmd-code.org/pmd-doc-7.11.0/pmd_rules_apex_bestpractices.html#apexunittestclassshouldhaveasserts","Best Practices","pmd"
"569","3","G:\Temp_data\Data Seed\DBT-Data-Seeding\force-app\main\default\classes\ExternalOrgServicesComprehensiveTest.cls","265","7","EmptyCatchBlock","Avoid empty catch blocks","https://docs.pmd-code.org/pmd-doc-7.11.0/pmd_rules_apex_errorprone.html#emptycatchblock","Error Prone","pmd"
"570","3","G:\Temp_data\Data Seed\DBT-Data-Seeding\force-app\main\default\classes\ExternalOrgServicesComprehensiveTest.cls","269","7","EmptyCatchBlock","Avoid empty catch blocks","https://docs.pmd-code.org/pmd-doc-7.11.0/pmd_rules_apex_errorprone.html#emptycatchblock","Error Prone","pmd"
"571","3","G:\Temp_data\Data Seed\DBT-Data-Seeding\force-app\main\default\classes\ExternalOrgServicesComprehensiveTest.cls","275","10","ApexUnitTestClassShouldHaveAsserts","Apex unit tests should System.assert() or assertEquals() or assertNotEquals()","https://docs.pmd-code.org/pmd-doc-7.11.0/pmd_rules_apex_bestpractices.html#apexunittestclassshouldhaveasserts","Best Practices","pmd"
"572","3","G:\Temp_data\Data Seed\DBT-Data-Seeding\force-app\main\default\classes\ExternalOrgServicesComprehensiveTest.cls","303","7","EmptyCatchBlock","Avoid empty catch blocks","https://docs.pmd-code.org/pmd-doc-7.11.0/pmd_rules_apex_errorprone.html#emptycatchblock","Error Prone","pmd"
"573","3","G:\Temp_data\Data Seed\DBT-Data-Seeding\force-app\main\default\classes\ExternalOrgServicesComprehensiveTest.cls","307","7","EmptyCatchBlock","Avoid empty catch blocks","https://docs.pmd-code.org/pmd-doc-7.11.0/pmd_rules_apex_errorprone.html#emptycatchblock","Error Prone","pmd"
"574","3","G:\Temp_data\Data Seed\DBT-Data-Seeding\force-app\main\default\classes\ExternalOrgServicesComprehensiveTest.cls","311","7","EmptyCatchBlock","Avoid empty catch blocks","https://docs.pmd-code.org/pmd-doc-7.11.0/pmd_rules_apex_errorprone.html#emptycatchblock","Error Prone","pmd"
"575","3","G:\Temp_data\Data Seed\DBT-Data-Seeding\force-app\main\default\classes\ExternalOrgServicesComprehensiveTest.cls","319","7","EmptyCatchBlock","Avoid empty catch blocks","https://docs.pmd-code.org/pmd-doc-7.11.0/pmd_rules_apex_errorprone.html#emptycatchblock","Error Prone","pmd"
"576","3","G:\Temp_data\Data Seed\DBT-Data-Seeding\force-app\main\default\classes\ExternalOrgServicesComprehensiveTest.cls","327","7","EmptyCatchBlock","Avoid empty catch blocks","https://docs.pmd-code.org/pmd-doc-7.11.0/pmd_rules_apex_errorprone.html#emptycatchblock","Error Prone","pmd"
"577","3","G:\Temp_data\Data Seed\DBT-Data-Seeding\force-app\main\default\classes\ExternalOrgServicesTest.cls","18","5","ApexAssertionsShouldIncludeMessage","'System.assertEquals' should have 3 parameters.","https://docs.pmd-code.org/pmd-doc-7.11.0/pmd_rules_apex_bestpractices.html#apexassertionsshouldincludemessage","Best Practices","pmd"
"578","3","G:\Temp_data\Data Seed\DBT-Data-Seeding\force-app\main\default\classes\ExternalOrgServicesTest.cls","19","5","ApexAssertionsShouldIncludeMessage","'System.assertEquals' should have 3 parameters.","https://docs.pmd-code.org/pmd-doc-7.11.0/pmd_rules_apex_bestpractices.html#apexassertionsshouldincludemessage","Best Practices","pmd"
"579","3","G:\Temp_data\Data Seed\DBT-Data-Seeding\force-app\main\default\classes\ExternalOrgServicesTest.cls","37","5","ApexAssertionsShouldIncludeMessage","'System.assertEquals' should have 3 parameters.","https://docs.pmd-code.org/pmd-doc-7.11.0/pmd_rules_apex_bestpractices.html#apexassertionsshouldincludemessage","Best Practices","pmd"
"580","3","G:\Temp_data\Data Seed\DBT-Data-Seeding\force-app\main\default\classes\ExternalOrgServicesTest.cls","38","5","ApexAssertionsShouldIncludeMessage","'System.assertEquals' should have 3 parameters.","https://docs.pmd-code.org/pmd-doc-7.11.0/pmd_rules_apex_bestpractices.html#apexassertionsshouldincludemessage","Best Practices","pmd"
"581","3","G:\Temp_data\Data Seed\DBT-Data-Seeding\force-app\main\default\classes\ExternalOrgServicesTest.cls","53","5","ApexAssertionsShouldIncludeMessage","'System.assertEquals' should have 3 parameters.","https://docs.pmd-code.org/pmd-doc-7.11.0/pmd_rules_apex_bestpractices.html#apexassertionsshouldincludemessage","Best Practices","pmd"
"582","3","G:\Temp_data\Data Seed\DBT-Data-Seeding\force-app\main\default\classes\ExternalOrgServicesTest.cls","54","5","ApexAssertionsShouldIncludeMessage","'System.assert' should have 2 parameters.","https://docs.pmd-code.org/pmd-doc-7.11.0/pmd_rules_apex_bestpractices.html#apexassertionsshouldincludemessage","Best Practices","pmd"
"583","3","G:\Temp_data\Data Seed\DBT-Data-Seeding\force-app\main\default\classes\ExternalOrgServicesTest.cls","58","10","ApexUnitTestClassShouldHaveAsserts","Apex unit tests should System.assert() or assertEquals() or assertNotEquals()","https://docs.pmd-code.org/pmd-doc-7.11.0/pmd_rules_apex_bestpractices.html#apexunittestclassshouldhaveasserts","Best Practices","pmd"
"584","3","G:\Temp_data\Data Seed\DBT-Data-Seeding\force-app\main\default\classes\ExternalOrgServicesTest.cls","62","7","EmptyCatchBlock","Avoid empty catch blocks","https://docs.pmd-code.org/pmd-doc-7.11.0/pmd_rules_apex_errorprone.html#emptycatchblock","Error Prone","pmd"
"585","3","G:\Temp_data\Data Seed\DBT-Data-Seeding\force-app\main\default\classes\ExternalOrgServicesTest.cls","66","7","EmptyCatchBlock","Avoid empty catch blocks","https://docs.pmd-code.org/pmd-doc-7.11.0/pmd_rules_apex_errorprone.html#emptycatchblock","Error Prone","pmd"
"586","3","G:\Temp_data\Data Seed\DBT-Data-Seeding\force-app\main\default\classes\ExternalOrgServicesTest.cls","86","5","ApexAssertionsShouldIncludeMessage","'System.assertEquals' should have 3 parameters.","https://docs.pmd-code.org/pmd-doc-7.11.0/pmd_rules_apex_bestpractices.html#apexassertionsshouldincludemessage","Best Practices","pmd"
"587","3","G:\Temp_data\Data Seed\DBT-Data-Seeding\force-app\main\default\classes\ExternalOrgServicesTest.cls","87","5","ApexAssertionsShouldIncludeMessage","'System.assertEquals' should have 3 parameters.","https://docs.pmd-code.org/pmd-doc-7.11.0/pmd_rules_apex_bestpractices.html#apexassertionsshouldincludemessage","Best Practices","pmd"
"588","3","G:\Temp_data\Data Seed\DBT-Data-Seeding\force-app\main\default\classes\ExternalOrgServicesTest.cls","88","5","ApexAssertionsShouldIncludeMessage","'System.assertEquals' should have 3 parameters.","https://docs.pmd-code.org/pmd-doc-7.11.0/pmd_rules_apex_bestpractices.html#apexassertionsshouldincludemessage","Best Practices","pmd"
"589","3","G:\Temp_data\Data Seed\DBT-Data-Seeding\force-app\main\default\classes\ExternalOrgServicesTest.cls","92","10","ApexUnitTestClassShouldHaveAsserts","Apex unit tests should System.assert() or assertEquals() or assertNotEquals()","https://docs.pmd-code.org/pmd-doc-7.11.0/pmd_rules_apex_bestpractices.html#apexunittestclassshouldhaveasserts","Best Practices","pmd"
"590","5","G:\Temp_data\Data Seed\DBT-Data-Seeding\force-app\main\default\classes\ExternalOrgServicesTest.cls","96","48","UnusedLocalVariable","Variable 'res' defined but not used","https://docs.pmd-code.org/pmd-doc-7.11.0/pmd_rules_apex_bestpractices.html#unusedlocalvariable","Best Practices","pmd"
"591","3","G:\Temp_data\Data Seed\DBT-Data-Seeding\force-app\main\default\classes\ExternalOrgServicesTest.cls","105","10","ApexUnitTestClassShouldHaveAsserts","Apex unit tests should System.assert() or assertEquals() or assertNotEquals()","https://docs.pmd-code.org/pmd-doc-7.11.0/pmd_rules_apex_bestpractices.html#apexunittestclassshouldhaveasserts","Best Practices","pmd"
"592","3","G:\Temp_data\Data Seed\DBT-Data-Seeding\force-app\main\default\classes\ExternalOrgServicesTest.cls","109","7","EmptyCatchBlock","Avoid empty catch blocks","https://docs.pmd-code.org/pmd-doc-7.11.0/pmd_rules_apex_errorprone.html#emptycatchblock","Error Prone","pmd"
"593","3","G:\Temp_data\Data Seed\DBT-Data-Seeding\force-app\main\default\classes\ExternalOrgServicesTest.cls","113","7","EmptyCatchBlock","Avoid empty catch blocks","https://docs.pmd-code.org/pmd-doc-7.11.0/pmd_rules_apex_errorprone.html#emptycatchblock","Error Prone","pmd"
"594","3","G:\Temp_data\Data Seed\DBT-Data-Seeding\force-app\main\default\classes\ExternalOrgServicesTest.cls","117","7","EmptyCatchBlock","Avoid empty catch blocks","https://docs.pmd-code.org/pmd-doc-7.11.0/pmd_rules_apex_errorprone.html#emptycatchblock","Error Prone","pmd"
"595","3","G:\Temp_data\Data Seed\DBT-Data-Seeding\force-app\main\default\classes\ExternalOrgServicesTest.cls","136","5","ApexAssertionsShouldIncludeMessage","'System.assert' should have 2 parameters.","https://docs.pmd-code.org/pmd-doc-7.11.0/pmd_rules_apex_bestpractices.html#apexassertionsshouldincludemessage","Best Practices","pmd"
"596","3","G:\Temp_data\Data Seed\DBT-Data-Seeding\force-app\main\default\classes\ExternalOrgServicesTest.cls","137","5","ApexAssertionsShouldIncludeMessage","'System.assert' should have 2 parameters.","https://docs.pmd-code.org/pmd-doc-7.11.0/pmd_rules_apex_bestpractices.html#apexassertionsshouldincludemessage","Best Practices","pmd"
"597","3","G:\Temp_data\Data Seed\DBT-Data-Seeding\force-app\main\default\classes\ExternalOrgServicesTest.cls","141","10","ApexUnitTestClassShouldHaveAsserts","Apex unit tests should System.assert() or assertEquals() or assertNotEquals()","https://docs.pmd-code.org/pmd-doc-7.11.0/pmd_rules_apex_bestpractices.html#apexunittestclassshouldhaveasserts","Best Practices","pmd"
"598","3","G:\Temp_data\Data Seed\DBT-Data-Seeding\force-app\main\default\classes\ExternalOrgServicesTest.cls","145","7","EmptyCatchBlock","Avoid empty catch blocks","https://docs.pmd-code.org/pmd-doc-7.11.0/pmd_rules_apex_errorprone.html#emptycatchblock","Error Prone","pmd"
"599","3","G:\Temp_data\Data Seed\DBT-Data-Seeding\force-app\main\default\classes\ExternalOrgServicesTest.cls","149","7","EmptyCatchBlock","Avoid empty catch blocks","https://docs.pmd-code.org/pmd-doc-7.11.0/pmd_rules_apex_errorprone.html#emptycatchblock","Error Prone","pmd"
"600","3","G:\Temp_data\Data Seed\DBT-Data-Seeding\force-app\main\default\classes\ExternalOrgServicesTest.cls","158","12","ApexDoc","Missing ApexDoc comment","https://docs.pmd-code.org/pmd-doc-7.11.0/pmd_rules_apex_documentation.html#apexdoc","Documentation","pmd"
"601","3","G:\Temp_data\Data Seed\DBT-Data-Seeding\force-app\main\default\classes\ExternalOrgServicesTest.cls","174","12","ApexDoc","Missing ApexDoc comment","https://docs.pmd-code.org/pmd-doc-7.11.0/pmd_rules_apex_documentation.html#apexdoc","Documentation","pmd"
"602","3","G:\Temp_data\Data Seed\DBT-Data-Seeding\force-app\main\default\classes\ExternalOrgServicesTest.cls","186","12","ApexDoc","Missing ApexDoc comment","https://docs.pmd-code.org/pmd-doc-7.11.0/pmd_rules_apex_documentation.html#apexdoc","Documentation","pmd"
"603","3","G:\Temp_data\Data Seed\DBT-Data-Seeding\force-app\main\default\classes\ExternalOrgServicesTest.cls","196","12","ApexDoc","Missing ApexDoc comment","https://docs.pmd-code.org/pmd-doc-7.11.0/pmd_rules_apex_documentation.html#apexdoc","Documentation","pmd"
"604","3","G:\Temp_data\Data Seed\DBT-Data-Seeding\force-app\main\default\classes\TestDataFactory.cls","3","17","ApexDoc","Missing ApexDoc comment","https://docs.pmd-code.org/pmd-doc-7.11.0/pmd_rules_apex_documentation.html#apexdoc","Documentation","pmd"
"605","3","G:\Temp_data\Data Seed\DBT-Data-Seeding\force-app\main\default\classes\UserFieldFilteringTest.cls","12","9","AvoidHardcodingId","Hardcoding Ids is bound to break when changing environments.","https://docs.pmd-code.org/pmd-doc-7.11.0/pmd_rules_apex_errorprone.html#avoidhardcodingid","Error Prone","pmd"
"606","3","G:\Temp_data\Data Seed\DBT-Data-Seeding\force-app\main\default\classes\UserFieldFilteringTest.cls","19","26","AvoidHardcodingId","Hardcoding Ids is bound to break when changing environments.","https://docs.pmd-code.org/pmd-doc-7.11.0/pmd_rules_apex_errorprone.html#avoidhardcodingid","Error Prone","pmd"
"607","3","G:\Temp_data\Data Seed\DBT-Data-Seeding\force-app\main\default\classes\UserFieldFilteringTest.cls","20","29","AvoidHardcodingId","Hardcoding Ids is bound to break when changing environments.","https://docs.pmd-code.org/pmd-doc-7.11.0/pmd_rules_apex_errorprone.html#avoidhardcodingid","Error Prone","pmd"
"608","3","G:\Temp_data\Data Seed\DBT-Data-Seeding\force-app\main\default\classes\UserFieldFilteringTest.cls","52","10","ApexUnitTestClassShouldHaveAsserts","Apex unit tests should System.assert() or assertEquals() or assertNotEquals()","https://docs.pmd-code.org/pmd-doc-7.11.0/pmd_rules_apex_bestpractices.html#apexunittestclassshouldhaveasserts","Best Practices","pmd"
"609","3","G:\Temp_data\Data Seed\DBT-Data-Seeding\force-app\main\default\classes\UserFieldFilteringTest.cls","72","10","ApexDoc","Missing ApexDoc comment","https://docs.pmd-code.org/pmd-doc-7.11.0/pmd_rules_apex_documentation.html#apexdoc","Documentation","pmd"
"610","3","G:\Temp_data\Data Seed\DBT-Data-Seeding\force-app\main\default\classes\UserFieldFilteringTest.cls","73","12","ApexDoc","Missing ApexDoc comment","https://docs.pmd-code.org/pmd-doc-7.11.0/pmd_rules_apex_documentation.html#apexdoc","Documentation","pmd"
"611","2","G:\Temp_data\Data Seed\DBT-Data-Seeding\force-app\main\default\lwc\externalOrgQuery\externalOrgQuery.js","40","65","no-useless-escape","Unnecessary escape character: \/.","https://eslint.org/docs/latest/rules/no-useless-escape","suggestion","eslint"
"612","2","G:\Temp_data\Data Seed\DBT-Data-Seeding\force-app\main\default\lwc\externalOrgQuery\externalOrgQuery.js","850","31","no-useless-escape","Unnecessary escape character: \"".","https://eslint.org/docs/latest/rules/no-useless-escape","suggestion","eslint"
"613","2","G:\Temp_data\Data Seed\DBT-Data-Seeding\force-app\main\default\lwc\externalOrgQuery\externalOrgQuery.js","850","39","no-useless-escape","Unnecessary escape character: \"".","https://eslint.org/docs/latest/rules/no-useless-escape","suggestion","eslint"
"614","2","G:\Temp_data\Data Seed\DBT-Data-Seeding\force-app\main\default\lwc\externalOrgQuery\externalOrgQuery.js","1617","12","no-constant-condition","Unexpected constant condition.","https://eslint.org/docs/latest/rules/no-constant-condition","problem","eslint"
